text,file,line,kind,property,ocr_related,notes
{d:DesignInstance Type=viewModel:MainWindowViewModel},BetterGenshinImpact/View/MainWindow.xaml,18,xaml,text,False,
按键绑定,BetterGenshinImpact/View/MainWindow.xaml,156,xaml,Content,False,
退出,BetterGenshinImpact/View/MainWindow.xaml,297,xaml,Header,False,
当前处于编辑模式,BetterGenshinImpact/View/MaskWindow.xaml,390,xaml,Text,False,
可以调整日志框、状态栏控件的位置和大小,BetterGenshinImpact/View/MaskWindow.xaml,399,xaml,Text,False,
右键相关控件可退出编辑状态,BetterGenshinImpact/View/MaskWindow.xaml,409,xaml,Text,False,
西,BetterGenshinImpact/View/MaskWindow.xaml,460,xaml,Text,False,
南,BetterGenshinImpact/View/MaskWindow.xaml,473,xaml,Text,False,
东,BetterGenshinImpact/View/MaskWindow.xaml,486,xaml,Text,False,
北,BetterGenshinImpact/View/MaskWindow.xaml,499,xaml,Text,False,
隐藏,BetterGenshinImpact/View/MaskWindow.xaml,624,xaml,Content,False,
隐藏,BetterGenshinImpact/View/MaskWindow.xaml,625,xaml,ToolTip,False,
显示,BetterGenshinImpact/View/MaskWindow.xaml,637,xaml,Content,False,
显示,BetterGenshinImpact/View/MaskWindow.xaml,638,xaml,ToolTip,False,
正在加载文本...,BetterGenshinImpact/View/MaskWindow.xaml,658,xaml,Text,False,
图片加载中...,BetterGenshinImpact/View/MaskWindow.xaml,749,xaml,Text,False,
搜索当前区域下的标点分类,BetterGenshinImpact/View/MaskWindow.xaml,928,xaml,PlaceholderText,False,
当前显示/全部标点,BetterGenshinImpact/View/MaskWindow.xaml,936,xaml,ToolTip,False,
全部隐藏,BetterGenshinImpact/View/MaskWindow.xaml,945,xaml,ToolTip,False,
全部显示,BetterGenshinImpact/View/MaskWindow.xaml,955,xaml,ToolTip,False,
加载中...,BetterGenshinImpact/View/MaskWindow.xaml,1088,xaml,Text,False,
重置选择,BetterGenshinImpact/View/MaskWindow.xaml,1132,xaml,ToolTip,False,
双击选中要捕获的窗口,BetterGenshinImpact/View/PickerWindow.xaml,80,xaml,Text,False,
{TemplateBinding ContentControl.Content},BetterGenshinImpact/View/Controls/Draggable/DraggableResizableItem.xaml,26,xaml,Content,False,
{TemplateBinding ContentControl.Content},BetterGenshinImpact/View/Controls/Draggable/DraggableResizableItem.xaml,69,xaml,Content,False,
Markdown 加载失败,BetterGenshinImpact/View/Controls/Markdown/MarkdownView.xaml,39,xaml,Text,False,
正在渲染 Markdown…,BetterGenshinImpact/View/Controls/Markdown/MarkdownView.xaml,70,xaml,Text,False,
{TemplateBinding ContentControl.Content},BetterGenshinImpact/View/Controls/Style/ListViewEx.xaml,18,xaml,Content,False,
{d:DesignInstance Type=pages:CommonSettingsPageViewModel},BetterGenshinImpact/View/Pages/CommonSettingsPage.xaml,12,xaml,text,False,
UI Language,BetterGenshinImpact/View/Pages/CommonSettingsPage.xaml,47,xaml,Text,False,
更新,BetterGenshinImpact/View/Pages/CommonSettingsPage.xaml,54,xaml,Content,False,
Game Language,BetterGenshinImpact/View/Pages/CommonSettingsPage.xaml,94,xaml,Text,False,
开启后可以拖拽调整日志、状态栏与指标栏位置，并调整大小,BetterGenshinImpact/View/Pages/CommonSettingsPage.xaml,211,xaml,Text,False,
显示遮罩指标栏,BetterGenshinImpact/View/Pages/CommonSettingsPage.xaml,280,xaml,Text,False,
显示游戏帧率、处理耗时和硬件占用，指标项可单独选择,BetterGenshinImpact/View/Pages/CommonSettingsPage.xaml,285,xaml,Text,False,
显示遮罩边框,BetterGenshinImpact/View/Pages/CommonSettingsPage.xaml,342,xaml,Text,False,
围绕游戏窗口紫色的边框线,BetterGenshinImpact/View/Pages/CommonSettingsPage.xaml,348,xaml,Text,False,
启用准星,BetterGenshinImpact/View/Pages/CommonSettingsPage.xaml,398,xaml,Text,False,
在遮罩窗口中心显示准星,BetterGenshinImpact/View/Pages/CommonSettingsPage.xaml,403,xaml,Text,False,
准星类型,BetterGenshinImpact/View/Pages/CommonSettingsPage.xaml,423,xaml,Text,False,
准星颜色,BetterGenshinImpact/View/Pages/CommonSettingsPage.xaml,473,xaml,Text,False,
线宽,BetterGenshinImpact/View/Pages/CommonSettingsPage.xaml,490,xaml,Text,False,
大小,BetterGenshinImpact/View/Pages/CommonSettingsPage.xaml,514,xaml,Text,False,
中心点间隔,BetterGenshinImpact/View/Pages/CommonSettingsPage.xaml,548,xaml,Text,False,
选择图片,BetterGenshinImpact/View/Pages/CommonSettingsPage.xaml,592,xaml,Text,False,
缩放方式,BetterGenshinImpact/View/Pages/CommonSettingsPage.xaml,616,xaml,Text,False,
保存奖励识别截图,BetterGenshinImpact/View/Pages/CommonSettingsPage.xaml,851,xaml,Text,True,
启动时自动更新已订阅的脚本,BetterGenshinImpact/View/Pages/CommonSettingsPage.xaml,889,xaml,Text,False,
启动时自动同步脚本仓库并更新所有已订阅的脚本,BetterGenshinImpact/View/Pages/CommonSettingsPage.xaml,894,xaml,Text,False,
命令行启动时也自动更新,BetterGenshinImpact/View/Pages/CommonSettingsPage.xaml,916,xaml,Text,False,
通过命令行参数启动配置组/一条龙时，先等待脚本更新完成再执行,BetterGenshinImpact/View/Pages/CommonSettingsPage.xaml,921,xaml,Text,False,
是否就近七天神像恢复血量,BetterGenshinImpact/View/Pages/CommonSettingsPage.xaml,1197,xaml,Text,False,
启用后将自动选择最近的七天神像，忽略下方指定位置,BetterGenshinImpact/View/Pages/CommonSettingsPage.xaml,1200,xaml,Text,False,
传送到七天神像之后是否需要移动后回血,BetterGenshinImpact/View/Pages/CommonSettingsPage.xaml,1215,xaml,Text,False,
启用后将自动向七天神像方向移动,BetterGenshinImpact/View/Pages/CommonSettingsPage.xaml,1218,xaml,Text,False,
手动导入本地脚本仓库（zip格式）,BetterGenshinImpact/View/Pages/CommonSettingsPage.xaml,1321,xaml,Text,False,
脚本仓库无法在线更新时使用,BetterGenshinImpact/View/Pages/CommonSettingsPage.xaml,1326,xaml,Text,False,
导入,BetterGenshinImpact/View/Pages/CommonSettingsPage.xaml,1333,xaml,Content,False,
BGI界面语言,BetterGenshinImpact/View/Pages/CommonSettingsPage.xaml,1382,xaml,Text,False,
BGI UI Language,BetterGenshinImpact/View/Pages/CommonSettingsPage.xaml,1387,xaml,Text,False,
查看地图（开发者）,BetterGenshinImpact/View/Pages/CommonSettingsPage.xaml,2039,xaml,Text,False,
查看当前识别到的位置,BetterGenshinImpact/View/Pages/CommonSettingsPage.xaml,2044,xaml,Text,True,
查看地图,BetterGenshinImpact/View/Pages/CommonSettingsPage.xaml,2049,xaml,Content,False,
直接从 Github 获取最新测试版,BetterGenshinImpact/View/Pages/CommonSettingsPage.xaml,2156,xaml,Text,False,
访问 Github,BetterGenshinImpact/View/Pages/CommonSettingsPage.xaml,2168,xaml,Content,False,
{d:DesignInstance Type=pages:HomePageViewModel},BetterGenshinImpact/View/Pages/HomePage.xaml,11,xaml,text,False,
WindowsGraphicsCapture 截图方式启用位图缓存,BetterGenshinImpact/View/Pages/HomePage.xaml,198,xaml,Text,True,
云原神出现获取到黑屏图案、原神出现掉帧的情况请尝试关闭此功能，并重启软件,BetterGenshinImpact/View/Pages/HomePage.xaml,203,xaml,Text,False,
启动前自动关闭原神 HDR,BetterGenshinImpact/View/Pages/HomePage.xaml,451,xaml,Text,False,
检测到开启时会自动关闭原神 HDR 注册表设置,BetterGenshinImpact/View/Pages/HomePage.xaml,456,xaml,Text,False,
自动点击获取月卡,BetterGenshinImpact/View/Pages/HomePage.xaml,557,xaml,Text,False,
进入游戏后自动点击月卡，如果有的话,BetterGenshinImpact/View/Pages/HomePage.xaml,562,xaml,Text,False,
{d:DesignInstance Type=pages:HotKeyPageViewModel},BetterGenshinImpact/View/Pages/HotkeyPage.xaml,12,xaml,text,False,
{d:DesignInstance Type=pages:JsListViewModel},BetterGenshinImpact/View/Pages/JsListPage.xaml,12,xaml,text,False,
{d:DesignInstance Type=pages:KeyBindingsSettingsPageViewModel},BetterGenshinImpact/View/Pages/KeyBindingsSettingsPage.xaml,12,xaml,text,False,
此处的按键设置默认对除自动拾取、钓鱼、音游、伐木外的内置功能有效，在设置中打开“启用全局按键映射”开关可对JS脚本、战斗脚本和地图追踪内包含的简易策略脚本生效。请手动设置拾取按键、星之归还按键、隐藏主界面按键。,BetterGenshinImpact/View/Pages/KeyBindingsSettingsPage.xaml,35,xaml,Text,False,
从注册表读取,BetterGenshinImpact/View/Pages/KeyBindingsSettingsPage.xaml,40,xaml,Content,False,
按键绑定,BetterGenshinImpact/View/Pages/KeyBindingsSettingsPage.xaml,63,xaml,Header,False,
{d:DesignInstance Type=pages:KeyMouseRecordPageViewModel},BetterGenshinImpact/View/Pages/KeyMouseRecordPage.xaml,10,xaml,text,False,
播放脚本,BetterGenshinImpact/View/Pages/KeyMouseRecordPage.xaml,110,xaml,Content,False,
{d:DesignInstance Type=pages:MacroSettingsPageViewModel},BetterGenshinImpact/View/Pages/MacroSettingsPage.xaml,10,xaml,text,False,
一键领取奖励,BetterGenshinImpact/View/Pages/MacroSettingsPage.xaml,175,xaml,Text,False,
识别当前页面的领取按钮或礼物图标并点击，需要配置快捷键进行触发,BetterGenshinImpact/View/Pages/MacroSettingsPage.xaml,180,xaml,Text,True,
模式选择,BetterGenshinImpact/View/Pages/MacroSettingsPage.xaml,203,xaml,Text,False,
点按一次会领取当前页面可见图标；按住持续会在松开快捷键时立即停止,BetterGenshinImpact/View/Pages/MacroSettingsPage.xaml,208,xaml,Text,False,
未找到领取图标时滚轮下滑,BetterGenshinImpact/View/Pages/MacroSettingsPage.xaml,230,xaml,Text,False,
仅在按住持续模式下可用,BetterGenshinImpact/View/Pages/MacroSettingsPage.xaml,235,xaml,Text,False,
滚轮下滑幅度,BetterGenshinImpact/View/Pages/MacroSettingsPage.xaml,256,xaml,Text,False,
数值越大，每次未找到领取图标时向下滚动越多,BetterGenshinImpact/View/Pages/MacroSettingsPage.xaml,261,xaml,Text,False,
快速锻造【开发中】,BetterGenshinImpact/View/Pages/MacroSettingsPage.xaml,564,xaml,Text,False,
满收获队列时使用，自动收取并重新锻造水晶块,BetterGenshinImpact/View/Pages/MacroSettingsPage.xaml,570,xaml,Text,False,
{d:DesignInstance Type=pages:MapPathingViewModel},BetterGenshinImpact/View/Pages/MapPathingPage.xaml,14,xaml,text,False,
{d:DesignInstance Type=pages:NotificationSettingsPageViewModel},BetterGenshinImpact/View/Pages/NotificationSettingsPage.xaml,9,xaml,text,False,
选择需要通知的事件；全部取消选择后按全部通知处理,BetterGenshinImpact/View/Pages/NotificationSettingsPage.xaml,122,xaml,Text,False,
全选,BetterGenshinImpact/View/Pages/NotificationSettingsPage.xaml,127,xaml,Content,False,
取消选择,BetterGenshinImpact/View/Pages/NotificationSettingsPage.xaml,130,xaml,Content,False,
passive（通知但不提醒）,BetterGenshinImpact/View/Pages/NotificationSettingsPage.xaml,1210,xaml,Content,False,
critical（重要通知）,BetterGenshinImpact/View/Pages/NotificationSettingsPage.xaml,1211,xaml,Content,False,
active（默认通知）,BetterGenshinImpact/View/Pages/NotificationSettingsPage.xaml,1212,xaml,Content,False,
sensitive（专注通知）,BetterGenshinImpact/View/Pages/NotificationSettingsPage.xaml,1213,xaml,Content,False,
是,BetterGenshinImpact/View/Pages/NotificationSettingsPage.xaml,1334,xaml,Content,False,
否,BetterGenshinImpact/View/Pages/NotificationSettingsPage.xaml,1335,xaml,Content,False,
"WX_MP,WX_QY_ROBOT,DING_ROBOT,BARK",BetterGenshinImpact/View/Pages/NotificationSettingsPage.xaml,1710,xaml,PlaceholderText,False,
启用 MeoW 通知,BetterGenshinImpact/View/Pages/NotificationSettingsPage.xaml,2137,xaml,Text,False,
MeoW 推送通知相关设置,BetterGenshinImpact/View/Pages/NotificationSettingsPage.xaml,2142,xaml,Text,False,
用户昵称,BetterGenshinImpact/View/Pages/NotificationSettingsPage.xaml,2164,xaml,Text,False,
填写 MeoW 用户昵称,BetterGenshinImpact/View/Pages/NotificationSettingsPage.xaml,2169,xaml,Text,False,
消息标题（可选）,BetterGenshinImpact/View/Pages/NotificationSettingsPage.xaml,2192,xaml,Text,False,
留空使用默认标题,BetterGenshinImpact/View/Pages/NotificationSettingsPage.xaml,2197,xaml,Text,False,
测试 MeoW 通知,BetterGenshinImpact/View/Pages/NotificationSettingsPage.xaml,2220,xaml,Text,False,
{d:DesignInstance Type=pages:OneDragonFlowViewModel},BetterGenshinImpact/View/Pages/OneDragonFlowPage.xaml,17,xaml,text,False,
从此执行,BetterGenshinImpact/View/Pages/OneDragonFlowPage.xaml,50,xaml,Header,False,
清除标记,BetterGenshinImpact/View/Pages/OneDragonFlowPage.xaml,52,xaml,Header,False,
选择增加的配置组（可多选）,BetterGenshinImpact/View/Pages/OneDragonFlowPage.xaml,98,xaml,Text,False,
确认,BetterGenshinImpact/View/Pages/OneDragonFlowPage.xaml,119,xaml,Content,False,
留空则不切换队伍,BetterGenshinImpact/View/Pages/OneDragonFlowPage.xaml,485,xaml,PlaceholderText,False,
日期,BetterGenshinImpact/View/Pages/OneDragonFlowPage.xaml,612,xaml,Text,False,
队伍,BetterGenshinImpact/View/Pages/OneDragonFlowPage.xaml,618,xaml,Text,False,
秘境,BetterGenshinImpact/View/Pages/OneDragonFlowPage.xaml,623,xaml,Text,False,
奖励,BetterGenshinImpact/View/Pages/OneDragonFlowPage.xaml,627,xaml,Text,False,
默认,BetterGenshinImpact/View/Pages/OneDragonFlowPage.xaml,640,xaml,Text,False,
留空则不切换队伍,BetterGenshinImpact/View/Pages/OneDragonFlowPage.xaml,648,xaml,PlaceholderText,False,
留空使用默认队伍,BetterGenshinImpact/View/Pages/OneDragonFlowPage.xaml,684,xaml,PlaceholderText,False,
留空使用默认队伍,BetterGenshinImpact/View/Pages/OneDragonFlowPage.xaml,722,xaml,PlaceholderText,False,
留空使用默认队伍,BetterGenshinImpact/View/Pages/OneDragonFlowPage.xaml,759,xaml,PlaceholderText,False,
留空使用默认队伍,BetterGenshinImpact/View/Pages/OneDragonFlowPage.xaml,797,xaml,PlaceholderText,False,
留空使用默认队伍,BetterGenshinImpact/View/Pages/OneDragonFlowPage.xaml,835,xaml,PlaceholderText,False,
留空使用默认队伍,BetterGenshinImpact/View/Pages/OneDragonFlowPage.xaml,874,xaml,PlaceholderText,False,
留空使用默认队伍,BetterGenshinImpact/View/Pages/OneDragonFlowPage.xaml,912,xaml,PlaceholderText,False,
启用奖励识别,BetterGenshinImpact/View/Pages/OneDragonFlowPage.xaml,1126,xaml,Text,True,
每轮领取后识别奖励名称与数量，任务结束打印汇总,BetterGenshinImpact/View/Pages/OneDragonFlowPage.xaml,1131,xaml,Text,True,
自动首领讨伐,BetterGenshinImpact/View/Pages/OneDragonFlowPage.xaml,1144,xaml,Text,False,
自动首领讨伐配置,BetterGenshinImpact/View/Pages/OneDragonFlowPage.xaml,1163,xaml,Text,False,
自动传送、战斗并领取奖励,BetterGenshinImpact/View/Pages/OneDragonFlowPage.xaml,1168,xaml,Text,False,
仅用于首领讨伐，不覆盖其他策略设置,BetterGenshinImpact/View/Pages/OneDragonFlowPage.xaml,1190,xaml,Text,False,
选择首领,BetterGenshinImpact/View/Pages/OneDragonFlowPage.xaml,1220,xaml,Text,False,
部分首领因机制问题未添加,BetterGenshinImpact/View/Pages/OneDragonFlowPage.xaml,1225,xaml,Text,False,
切换队伍,BetterGenshinImpact/View/Pages/OneDragonFlowPage.xaml,1250,xaml,Text,False,
留空则不更换队伍,BetterGenshinImpact/View/Pages/OneDragonFlowPage.xaml,1255,xaml,Text,False,
例如：首领队,BetterGenshinImpact/View/Pages/OneDragonFlowPage.xaml,1263,xaml,PlaceholderText,False,
指定讨伐次数,BetterGenshinImpact/View/Pages/OneDragonFlowPage.xaml,1278,xaml,Text,False,
关闭时刷取至原粹树脂耗尽，开启后按成功领取奖励次数停止,BetterGenshinImpact/View/Pages/OneDragonFlowPage.xaml,1283,xaml,Text,False,
讨伐次数：,BetterGenshinImpact/View/Pages/OneDragonFlowPage.xaml,1301,xaml,Text,False,
原粹不足时使用须臾树脂补充：,BetterGenshinImpact/View/Pages/OneDragonFlowPage.xaml,1316,xaml,Text,False,
原粹不足时使用脆弱树脂补充：,BetterGenshinImpact/View/Pages/OneDragonFlowPage.xaml,1323,xaml,Text,False,
每轮讨伐后返回七天神像,BetterGenshinImpact/View/Pages/OneDragonFlowPage.xaml,1343,xaml,Text,False,
开启后每次领奖后先回血，再重新前往首领,BetterGenshinImpact/View/Pages/OneDragonFlowPage.xaml,1348,xaml,Text,False,
启用奖励识别,BetterGenshinImpact/View/Pages/OneDragonFlowPage.xaml,1369,xaml,Text,True,
每轮领取后识别奖励名称与数量，任务结束打印汇总,BetterGenshinImpact/View/Pages/OneDragonFlowPage.xaml,1374,xaml,Text,True,
战斗中存在角色死亡时，复活后重新讨伐当前首领,BetterGenshinImpact/View/Pages/OneDragonFlowPage.xaml,1400,xaml,Text,False,
自动地脉花,BetterGenshinImpact/View/Pages/OneDragonFlowPage.xaml,1422,xaml,Text,False,
（具体参数在 独立任务-自动地脉花 中配置）,BetterGenshinImpact/View/Pages/OneDragonFlowPage.xaml,1426,xaml,Text,False,
跳过准备流程,BetterGenshinImpact/View/Pages/OneDragonFlowPage.xaml,1446,xaml,Text,False,
跳过部分准备流程（例如传送回七天神像）。,BetterGenshinImpact/View/Pages/OneDragonFlowPage.xaml,1451,xaml,Text,False,
树脂耗尽模式,BetterGenshinImpact/View/Pages/OneDragonFlowPage.xaml,1479,xaml,Text,False,
按当前树脂与库存自动计算可刷次数，结束后自动停止。,BetterGenshinImpact/View/Pages/OneDragonFlowPage.xaml,1484,xaml,Text,False,
刷取次数取小值,BetterGenshinImpact/View/Pages/OneDragonFlowPage.xaml,1512,xaml,Text,False,
与手动次数取最小值，避免超过树脂可用次数。,BetterGenshinImpact/View/Pages/OneDragonFlowPage.xaml,1517,xaml,Text,False,
刷取次数,BetterGenshinImpact/View/Pages/OneDragonFlowPage.xaml,1545,xaml,Text,False,
填 0 则使用独立任务配置。,BetterGenshinImpact/View/Pages/OneDragonFlowPage.xaml,1550,xaml,Text,False,
运行日期配置,BetterGenshinImpact/View/Pages/OneDragonFlowPage.xaml,1583,xaml,Text,False,
按星期设置类型与国家,BetterGenshinImpact/View/Pages/OneDragonFlowPage.xaml,1588,xaml,Text,False,
运行日期与地脉花设置,BetterGenshinImpact/View/Pages/OneDragonFlowPage.xaml,1616,xaml,Text,False,
仅在勾选的星期执行；类型/国家留空时使用独立任务默认设置。,BetterGenshinImpact/View/Pages/OneDragonFlowPage.xaml,1622,xaml,Text,False,
类型,BetterGenshinImpact/View/Pages/OneDragonFlowPage.xaml,1629,xaml,Text,False,
国家,BetterGenshinImpact/View/Pages/OneDragonFlowPage.xaml,1635,xaml,Text,False,
{d:DesignInstance Type=pages:ScriptControlViewModel},BetterGenshinImpact/View/Pages/ScriptControlPage.xaml,11,xaml,text,False,
也可以直接点击导入下面的示例配置组,BetterGenshinImpact/View/Pages/ScriptControlPage.xaml,164,xaml,Text,False,
类型,BetterGenshinImpact/View/Pages/ScriptControlPage.xaml,321,xaml,Header,False,
{d:DesignInstance Type=pages:TaskSettingsPageViewModel},BetterGenshinImpact/View/Pages/TaskSettingsPage.xaml,17,xaml,text,False,
停止任务,BetterGenshinImpact/View/Pages/TaskSettingsPage.xaml,42,xaml,Text,False,
停止任务,BetterGenshinImpact/View/Pages/TaskSettingsPage.xaml,54,xaml,Content,False,
按下两次ESC（其中一下ESC是消除木材已满的提示）,BetterGenshinImpact/View/Pages/TaskSettingsPage.xaml,354,xaml,Text,False,
多木材点情况下，一种木材已满的时候使用这个功能,BetterGenshinImpact/View/Pages/TaskSettingsPage.xaml,359,xaml,Text,False,
战斗结束基准色,BetterGenshinImpact/View/Pages/TaskSettingsPage.xaml,756,xaml,Text,False,
"判断战斗结束读条颜色，默认为95,235,255，一般无需修改",BetterGenshinImpact/View/Pages/TaskSettingsPage.xaml,761,xaml,Text,False,
战斗结束基准色偏差值,BetterGenshinImpact/View/Pages/TaskSettingsPage.xaml,781,xaml,Text,False,
"对于战斗结束基准色的偏差值，即±某个值（默认为6），例如 6或6,6,6，前者表示所有偏差值都一样，后者则可以分别设置",BetterGenshinImpact/View/Pages/TaskSettingsPage.xaml,786,xaml,Text,False,
"(二次拾取：琴首次拾取空,再次拾取。万叶即使刚使用过技能，也会强制再次拾取。)",BetterGenshinImpact/View/Pages/TaskSettingsPage.xaml,1072,xaml,Text,False,
二次拾取,BetterGenshinImpact/View/Pages/TaskSettingsPage.xaml,1100,xaml,Text,False,
基于经验值判断拾取(经验值57/58/60，不含传奇120等数字),BetterGenshinImpact/View/Pages/TaskSettingsPage.xaml,1120,xaml,Text,False,
战斗中检测精英怪死亡经验值图标，未检测到时跳过拾取，避免无价值战斗后浪费时间,BetterGenshinImpact/View/Pages/TaskSettingsPage.xaml,1125,xaml,Text,False,
启用奖励识别,BetterGenshinImpact/View/Pages/TaskSettingsPage.xaml,1634,xaml,Text,True,
每轮领取后识别奖励名称与数量（图标匹配+OCR双路），任务结束打印汇总,BetterGenshinImpact/View/Pages/TaskSettingsPage.xaml,1639,xaml,Text,True,
自动首领讨伐,BetterGenshinImpact/View/Pages/TaskSettingsPage.xaml,1694,xaml,Text,False,
自动传送、战斗并领取奖励,BetterGenshinImpact/View/Pages/TaskSettingsPage.xaml,1699,xaml,Text,False,
仅用于首领讨伐，不覆盖其他策略设置,BetterGenshinImpact/View/Pages/TaskSettingsPage.xaml,1730,xaml,Text,False,
选择首领,BetterGenshinImpact/View/Pages/TaskSettingsPage.xaml,1760,xaml,Text,False,
部分首领因机制问题未添加,BetterGenshinImpact/View/Pages/TaskSettingsPage.xaml,1765,xaml,Text,False,
切换队伍,BetterGenshinImpact/View/Pages/TaskSettingsPage.xaml,1790,xaml,Text,False,
留空则不更换队伍,BetterGenshinImpact/View/Pages/TaskSettingsPage.xaml,1795,xaml,Text,False,
例如：首领队,BetterGenshinImpact/View/Pages/TaskSettingsPage.xaml,1803,xaml,PlaceholderText,False,
指定讨伐次数,BetterGenshinImpact/View/Pages/TaskSettingsPage.xaml,1818,xaml,Text,False,
关闭时刷取至原粹树脂耗尽，开启后按成功领取奖励次数停止,BetterGenshinImpact/View/Pages/TaskSettingsPage.xaml,1823,xaml,Text,False,
讨伐次数：,BetterGenshinImpact/View/Pages/TaskSettingsPage.xaml,1841,xaml,Text,False,
原粹不足时使用须臾树脂补充：,BetterGenshinImpact/View/Pages/TaskSettingsPage.xaml,1856,xaml,Text,False,
原粹不足时使用脆弱树脂补充：,BetterGenshinImpact/View/Pages/TaskSettingsPage.xaml,1863,xaml,Text,False,
每轮讨伐后返回七天神像,BetterGenshinImpact/View/Pages/TaskSettingsPage.xaml,1883,xaml,Text,False,
开启后每次领奖后先回血，再重新前往首领,BetterGenshinImpact/View/Pages/TaskSettingsPage.xaml,1888,xaml,Text,False,
启用奖励识别,BetterGenshinImpact/View/Pages/TaskSettingsPage.xaml,1909,xaml,Text,True,
每轮领取后识别奖励名称与数量（图标匹配+OCR双路），任务结束打印汇总,BetterGenshinImpact/View/Pages/TaskSettingsPage.xaml,1914,xaml,Text,True,
战斗中存在角色死亡时，复活后重新讨伐当前首领,BetterGenshinImpact/View/Pages/TaskSettingsPage.xaml,1940,xaml,Text,False,
自动跟踪,BetterGenshinImpact/View/Pages/TaskSettingsPage.xaml,2294,xaml,Text,False,
强制指定队伍,BetterGenshinImpact/View/Pages/TaskSettingsPage.xaml,2327,xaml,Text,False,
队伍无法被识别时，请按顺序填写队伍内角色名称，逗号分割,BetterGenshinImpact/View/Pages/TaskSettingsPage.xaml,2332,xaml,Text,True,
选择需要钓的鱼,BetterGenshinImpact/View/Pages/TaskSettingsPage.xaml,2400,xaml,Text,False,
选择需要钓的鱼，如果不选择则默认为所有鱼,BetterGenshinImpact/View/Pages/TaskSettingsPage.xaml,2405,xaml,Text,False,
自动地脉花,BetterGenshinImpact/View/Pages/TaskSettingsPage.xaml,2550,xaml,Text,False,
地脉花类型,BetterGenshinImpact/View/Pages/TaskSettingsPage.xaml,2586,xaml,Text,False,
国家,BetterGenshinImpact/View/Pages/TaskSettingsPage.xaml,2614,xaml,Text,False,
(实验性功能) 战斗时按下方设置的间隔尝试靠近或旋转寻找敌人。,BetterGenshinImpact/View/Pages/TaskSettingsPage.xaml,2756,xaml,Text,False,
寻敌间隔（秒）,BetterGenshinImpact/View/Pages/TaskSettingsPage.xaml,2775,xaml,Text,False,
仅在已启用“旋转寻找敌人位置”后生效，最小 1 秒。,BetterGenshinImpact/View/Pages/TaskSettingsPage.xaml,2780,xaml,Text,False,
"(二次拾取：琴首次拾取空,再次拾取。万叶即使刚使用过技能，也会强制再次拾取。)",BetterGenshinImpact/View/Pages/TaskSettingsPage.xaml,2816,xaml,Text,False,
二次拾取,BetterGenshinImpact/View/Pages/TaskSettingsPage.xaml,2844,xaml,Text,False,
领取奖励后扫描掉落物光柱,BetterGenshinImpact/View/Pages/TaskSettingsPage.xaml,2860,xaml,Text,False,
在地脉花领奖完成后，短时间扫描周围掉落物光柱并靠近拾取；不依赖万叶或琴。部分点位或特定配队下可能因移动范围较大而卡住，请按需开启。,BetterGenshinImpact/View/Pages/TaskSettingsPage.xaml,2865,xaml,Text,False,
领奖后扫描时长（秒）,BetterGenshinImpact/View/Pages/TaskSettingsPage.xaml,2885,xaml,Text,False,
控制领奖后扫描掉落物光柱的最长时长。设为 0 表示不扫描。,BetterGenshinImpact/View/Pages/TaskSettingsPage.xaml,2890,xaml,Text,False,
树脂耗尽模式,BetterGenshinImpact/View/Pages/TaskSettingsPage.xaml,2916,xaml,Text,False,
刷取次数取小值,BetterGenshinImpact/View/Pages/TaskSettingsPage.xaml,2942,xaml,Text,False,
刷取次数,BetterGenshinImpact/View/Pages/TaskSettingsPage.xaml,2968,xaml,Text,False,
使用须臾树脂,BetterGenshinImpact/View/Pages/TaskSettingsPage.xaml,2997,xaml,Text,False,
使用脆弱树脂,BetterGenshinImpact/View/Pages/TaskSettingsPage.xaml,3023,xaml,Text,False,
战斗队伍名称,BetterGenshinImpact/View/Pages/TaskSettingsPage.xaml,3049,xaml,Text,False,
好感队名称,BetterGenshinImpact/View/Pages/TaskSettingsPage.xaml,3080,xaml,Text,False,
战斗超时时间（秒）,BetterGenshinImpact/View/Pages/TaskSettingsPage.xaml,3109,xaml,Text,False,
不使用冒险之证寻路,BetterGenshinImpact/View/Pages/TaskSettingsPage.xaml,3138,xaml,Text,False,
发送通知,BetterGenshinImpact/View/Pages/TaskSettingsPage.xaml,3164,xaml,Text,False,
在手动烹饪界面运行，自动识别并点击结束烹饪,BetterGenshinImpact/View/Pages/TaskSettingsPage.xaml,3359,xaml,Text,True,
检测间隔（毫秒）,BetterGenshinImpact/View/Pages/TaskSettingsPage.xaml,3385,xaml,Text,False,
每次截图检测的时间间隔，最小 1ms,BetterGenshinImpact/View/Pages/TaskSettingsPage.xaml,3390,xaml,Text,True,
自动结束烹饪任务,BetterGenshinImpact/View/Pages/TaskSettingsPage.xaml,3414,xaml,Text,False,
开启后检测到“自动烹饪”按钮会点击并结束当前任务,BetterGenshinImpact/View/Pages/TaskSettingsPage.xaml,3419,xaml,Text,False,
自动前进,BetterGenshinImpact/View/Pages/TaskSettingsPage.xaml,3928,xaml,Text,False,
自动朝着前方前进，自动飞行、游泳、爬山,BetterGenshinImpact/View/Pages/TaskSettingsPage.xaml,3934,xaml,Text,False,
夜兰自动 E,BetterGenshinImpact/View/Pages/TaskSettingsPage.xaml,3959,xaml,Text,False,
【开发中..】,BetterGenshinImpact/View/Pages/TaskSettingsPage.xaml,3965,xaml,Text,False,
按下快捷键自动开始战斗,BetterGenshinImpact/View/Pages/TaskSettingsPage.xaml,3993,xaml,Text,False,
{d:DesignInstance Type=pages:TriggerSettingsPageViewModel},BetterGenshinImpact/View/Pages/TriggerSettingsPage.xaml,10,xaml,text,False,
极速拾取模式,BetterGenshinImpact/View/Pages/TriggerSettingsPage.xaml,70,xaml,Text,False,
打开时，将不再识别具体拾取内容，黑、白名单会失效,BetterGenshinImpact/View/Pages/TriggerSettingsPage.xaml,76,xaml,Text,True,
后台剧情结束后自动切回游戏前台,BetterGenshinImpact/View/Pages/TriggerSettingsPage.xaml,276,xaml,Text,False,
仅在后台模式生效，识别到对话结束后会自动激活原神窗口,BetterGenshinImpact/View/Pages/TriggerSettingsPage.xaml,281,xaml,Text,True,
选择选项的方式,BetterGenshinImpact/View/Pages/TriggerSettingsPage.xaml,335,xaml,Text,False,
后台模式下会自动切换到使用交互键,BetterGenshinImpact/View/Pages/TriggerSettingsPage.xaml,340,xaml,Text,False,
听完语音后再选择对话选项,BetterGenshinImpact/View/Pages/TriggerSettingsPage.xaml,504,xaml,Text,False,
通过游戏进程音频的人声检测判断台词结束；等待数秒仍未检测到语音时继续，无法读取游戏声音时使用上方固定延迟,BetterGenshinImpact/View/Pages/TriggerSettingsPage.xaml,509,xaml,Text,False,
语音结束检测最大等待（秒）,BetterGenshinImpact/View/Pages/TriggerSettingsPage.xaml,529,xaml,Text,False,
超过该时间仍未检测到语音结束时会继续选择，避免卡住剧情,BetterGenshinImpact/View/Pages/TriggerSettingsPage.xaml,534,xaml,Text,False,
启用小地图遮罩,BetterGenshinImpact/View/Pages/TriggerSettingsPage.xaml,1100,xaml,Text,False,
在小地图上显示点位,BetterGenshinImpact/View/Pages/TriggerSettingsPage.xaml,1105,xaml,Text,False,
冷却提示,BetterGenshinImpact/View/Pages/TriggerSettingsPage.xaml,1134,xaml,Text,False,
角色 CD 配置,BetterGenshinImpact/View/Pages/TriggerSettingsPage.xaml,1162,xaml,Text,False,
填写此项，为指定的角色配置未识别到 CD 数字时的默认值。如玛薇卡开 E 会显示摩托车，识别不到CD。,BetterGenshinImpact/View/Pages/TriggerSettingsPage.xaml,1168,xaml,Text,True,
前往配置,BetterGenshinImpact/View/Pages/TriggerSettingsPage.xaml,1173,xaml,Content,False,
使用战技时触发,BetterGenshinImpact/View/Pages/TriggerSettingsPage.xaml,1189,xaml,Text,False,
使用战技时也进行一次识别，否则仅在切人时触发,BetterGenshinImpact/View/Pages/TriggerSettingsPage.xaml,1195,xaml,Text,True,
冷却为0时隐藏,BetterGenshinImpact/View/Pages/TriggerSettingsPage.xaml,1214,xaml,Text,False,
开启后倒计时为0时会隐藏计时器,BetterGenshinImpact/View/Pages/TriggerSettingsPage.xaml,1220,xaml,Text,False,
计时器样式调节,BetterGenshinImpact/View/Pages/TriggerSettingsPage.xaml,1242,xaml,Text,False,
调整计时器的横坐标、纵坐标、间隔、大小和颜色,BetterGenshinImpact/View/Pages/TriggerSettingsPage.xaml,1248,xaml,Text,False,
横坐标,BetterGenshinImpact/View/Pages/TriggerSettingsPage.xaml,1264,xaml,Text,False,
调整计时器在界面上的横坐标，范围：0-1920，默认值1520。,BetterGenshinImpact/View/Pages/TriggerSettingsPage.xaml,1270,xaml,Text,False,
纵坐标,BetterGenshinImpact/View/Pages/TriggerSettingsPage.xaml,1290,xaml,Text,False,
调整计时器在界面上的纵坐标，范围：0-1080，默认值245。,BetterGenshinImpact/View/Pages/TriggerSettingsPage.xaml,1296,xaml,Text,False,
计时器间隔,BetterGenshinImpact/View/Pages/TriggerSettingsPage.xaml,1316,xaml,Text,False,
调整计时器之间的间隔，范围：0-200，默认值91.2。,BetterGenshinImpact/View/Pages/TriggerSettingsPage.xaml,1322,xaml,Text,False,
计时器大小,BetterGenshinImpact/View/Pages/TriggerSettingsPage.xaml,1342,xaml,Text,False,
调整计时器大小，范围：0-10，默认值1。,BetterGenshinImpact/View/Pages/TriggerSettingsPage.xaml,1348,xaml,Text,False,
CD ≥ 0.8s 时数字颜色,BetterGenshinImpact/View/Pages/TriggerSettingsPage.xaml,1369,xaml,Text,False,
支持6位或8位 Hex 格式颜色,BetterGenshinImpact/View/Pages/TriggerSettingsPage.xaml,1374,xaml,Text,False,
CD ≥ 0.8s 时背景颜色,BetterGenshinImpact/View/Pages/TriggerSettingsPage.xaml,1412,xaml,Text,False,
支持6位或8位 Hex 格式颜色,BetterGenshinImpact/View/Pages/TriggerSettingsPage.xaml,1417,xaml,Text,False,
CD &lt; 0.8s 时数字颜色,BetterGenshinImpact/View/Pages/TriggerSettingsPage.xaml,1455,xaml,Text,False,
支持6位或8位 Hex 格式颜色,BetterGenshinImpact/View/Pages/TriggerSettingsPage.xaml,1460,xaml,Text,False,
CD &lt; 0.8s 时背景颜色,BetterGenshinImpact/View/Pages/TriggerSettingsPage.xaml,1498,xaml,Text,False,
支持6位或8位 Hex 格式颜色,BetterGenshinImpact/View/Pages/TriggerSettingsPage.xaml,1503,xaml,Text,False,
快捷战斗,BetterGenshinImpact/View/Pages/TriggerSettingsPage.xaml,1550,xaml,Text,False,
实时识别当前出战角色，长按快捷后，循环执行当前角色战斗宏,BetterGenshinImpact/View/Pages/TriggerSettingsPage.xaml,1556,xaml,Text,True,
快捷键配置,BetterGenshinImpact/View/Pages/TriggerSettingsPage.xaml,1580,xaml,Text,False,
{d:DesignInstance Type=oneDragon:CraftViewModel},BetterGenshinImpact/View/Pages/OneDragon/CraftPage.xaml,8,xaml,text,False,
{d:DesignInstance Type=oneDragon:DailyCommissionViewModel},BetterGenshinImpact/View/Pages/OneDragon/DailyCommissionPage.xaml,8,xaml,text,False,
{d:DesignInstance Type=oneDragon:DailyRewardViewModel},BetterGenshinImpact/View/Pages/OneDragon/DailyRewardPage.xaml,8,xaml,text,False,
{d:DesignInstance Type=oneDragon:DomainViewModel},BetterGenshinImpact/View/Pages/OneDragon/DomainPage.xaml,8,xaml,text,False,
{d:DesignInstance Type=oneDragon:ForgingViewModel},BetterGenshinImpact/View/Pages/OneDragon/ForgingPage.xaml,8,xaml,text,False,
{d:DesignInstance Type=oneDragon:LeyLineBlossomViewModel},BetterGenshinImpact/View/Pages/OneDragon/LeyLineBlossomPage.xaml,8,xaml,text,False,
{d:DesignInstance Type=oneDragon:MailViewModel},BetterGenshinImpact/View/Pages/OneDragon/MailPage.xaml,8,xaml,text,False,
领取所有邮件,BetterGenshinImpact/View/Pages/OneDragon/MailPage.xaml,19,xaml,Content,False,
领取附件,BetterGenshinImpact/View/Pages/OneDragon/MailPage.xaml,23,xaml,Content,False,
最大领取邮件数量,BetterGenshinImpact/View/Pages/OneDragon/MailPage.xaml,29,xaml,PlaceholderText,False,
{d:DesignInstance Type=oneDragon:SereniteaPotViewModel},BetterGenshinImpact/View/Pages/OneDragon/SereniteaPotPage.xaml,8,xaml,text,False,
{d:DesignInstance Type=oneDragon:TcgViewModel},BetterGenshinImpact/View/Pages/OneDragon/TcgPage.xaml,8,xaml,text,False,
{d:DesignInstance Type=pages:HardwareAccelerationViewModel},BetterGenshinImpact/View/Pages/View/HardwareAccelerationView.xaml,9,xaml,text,False,
硬件加速设置,BetterGenshinImpact/View/Pages/View/HardwareAccelerationView.xaml,21,xaml,Title,False,
推理设备配置,BetterGenshinImpact/View/Pages/View/HardwareAccelerationView.xaml,48,xaml,Text,False,
推理设备配置,BetterGenshinImpact/View/Pages/View/HardwareAccelerationView.xaml,57,xaml,Text,False,
推理设备类型,BetterGenshinImpact/View/Pages/View/HardwareAccelerationView.xaml,74,xaml,Text,False,
选择推理使用的硬件设备类型 默认使用CPU,BetterGenshinImpact/View/Pages/View/HardwareAccelerationView.xaml,84,xaml,Text,False,
缓存文件管理,BetterGenshinImpact/View/Pages/View/HardwareAccelerationView.xaml,103,xaml,Text,False,
打开缓存目录,BetterGenshinImpact/View/Pages/View/HardwareAccelerationView.xaml,108,xaml,Content,False,
旧版本的缓存文件可以手动删除。,BetterGenshinImpact/View/Pages/View/HardwareAccelerationView.xaml,112,xaml,Text,False,
强制OCR使用CPU,BetterGenshinImpact/View/Pages/View/HardwareAccelerationView.xaml,128,xaml,Text,True,
解决部分GPU推理性能和报错问题 默认开启,BetterGenshinImpact/View/Pages/View/HardwareAccelerationView.xaml,136,xaml,Text,False,
GPU设备ID,BetterGenshinImpact/View/Pages/View/HardwareAccelerationView.xaml,156,xaml,Text,False,
指定使用的GPU设备编号 使用默认配置请设为0 可以在任务管理器中查看编号,BetterGenshinImpact/View/Pages/View/HardwareAccelerationView.xaml,165,xaml,Text,False,
是否输出优化后的模型文件到缓存,BetterGenshinImpact/View/Pages/View/HardwareAccelerationView.xaml,185,xaml,Text,False,
注意:在不支持的执行器上使用会导致异常。默认关闭。,BetterGenshinImpact/View/Pages/View/HardwareAccelerationView.xaml,193,xaml,Text,False,
CUDA配置,BetterGenshinImpact/View/Pages/View/HardwareAccelerationView.xaml,219,xaml,Text,False,
CUDA设备ID,BetterGenshinImpact/View/Pages/View/HardwareAccelerationView.xaml,244,xaml,Text,False,
指定CUDA设备编号 使用默认配置请设为0 可以在nvidia-smi中查看编号,BetterGenshinImpact/View/Pages/View/HardwareAccelerationView.xaml,253,xaml,Text,False,
自动添加CUDA路径,BetterGenshinImpact/View/Pages/View/HardwareAccelerationView.xaml,272,xaml,Text,False,
自动添加系统CUDA环境路径 默认关闭,BetterGenshinImpact/View/Pages/View/HardwareAccelerationView.xaml,280,xaml,Text,False,
附加PATH,BetterGenshinImpact/View/Pages/View/HardwareAccelerationView.xaml,296,xaml,Text,False,
附加path，用;分割。默认为空。可用于附加DLL路径,BetterGenshinImpact/View/Pages/View/HardwareAccelerationView.xaml,301,xaml,Text,False,
TensorRT配置,BetterGenshinImpact/View/Pages/View/HardwareAccelerationView.xaml,332,xaml,Text,False,
启用TensorRT缓存,BetterGenshinImpact/View/Pages/View/HardwareAccelerationView.xaml,357,xaml,Text,False,
提升TensorRT模型加载速度 默认开启,BetterGenshinImpact/View/Pages/View/HardwareAccelerationView.xaml,365,xaml,Text,False,
嵌入式引擎缓存,BetterGenshinImpact/View/Pages/View/HardwareAccelerationView.xaml,386,xaml,Text,False,
将引擎缓存嵌入模型文件 默认开启,BetterGenshinImpact/View/Pages/View/HardwareAccelerationView.xaml,394,xaml,Text,False,
OpenVino配置,BetterGenshinImpact/View/Pages/View/HardwareAccelerationView.xaml,422,xaml,Text,False,
OpenVino 设备参数,BetterGenshinImpact/View/Pages/View/HardwareAccelerationView.xaml,448,xaml,Text,False,
"从“CPU”、“GPU”、“NPU”、“GPU.x”中选择，其中 x = 0,1,2 等，或者从可用的 HETERO/MULTI/AUTO 选项中选择。默认为 AUTO:GPU,CPU",BetterGenshinImpact/View/Pages/View/HardwareAccelerationView.xaml,460,xaml,Text,False,
是否启用 OpenVINO 缓存(实验性)，默认关闭。,BetterGenshinImpact/View/Pages/View/HardwareAccelerationView.xaml,481,xaml,Text,False,
启用后会在缓存文件夹下生成对应模型缓存，以加快模型载入速度。,BetterGenshinImpact/View/Pages/View/HardwareAccelerationView.xaml,489,xaml,Text,False,
{d:DesignInstance Type=view:PathingConfigViewModel},BetterGenshinImpact/View/Pages/View/PathingConfigView.xaml,17,xaml,text,False,
"地图追踪设置（相关配置优先级从高到低,UI样式还有问题未解决）",BetterGenshinImpact/View/Pages/View/PathingConfigView.xaml,43,xaml,Text,False,
队伍切换设置（路径中存在符合条件的动作、采集物的情况下，自动切换至对应队伍）,BetterGenshinImpact/View/Pages/View/PathingConfigView.xaml,52,xaml,Text,False,
+ 添加条件,BetterGenshinImpact/View/Pages/View/PathingConfigView.xaml,126,xaml,Content,False,
角色设置（存在多个符合条件的角色情况下，优先使用游戏内编队编号更小的）,BetterGenshinImpact/View/Pages/View/PathingConfigView.xaml,135,xaml,Text,False,
+ 添加条件,BetterGenshinImpact/View/Pages/View/PathingConfigView.xaml,204,xaml,Content,False,
使用小道具的间隔时间（毫秒）,BetterGenshinImpact/View/Pages/View/PathingConfigView.xaml,221,xaml,Text,False,
在移动期间自动使用小道具，填0为不使用,BetterGenshinImpact/View/Pages/View/PathingConfigView.xaml,226,xaml,Text,False,
开启自动吃药,BetterGenshinImpact/View/Pages/View/PathingConfigView.xaml,252,xaml,Text,False,
检测到红血状态时自动使用便携营养袋,BetterGenshinImpact/View/Pages/View/PathingConfigView.xaml,257,xaml,Text,False,
低血量回复时机,BetterGenshinImpact/View/Pages/View/PathingConfigView.xaml,281,xaml,Text,False,
选择低血量时的回复策略：任何路径点/只在传送点/不回复,BetterGenshinImpact/View/Pages/View/PathingConfigView.xaml,286,xaml,Text,False,
地图追踪设置,BetterGenshinImpact/View/Pages/View/PathingConfigView.xaml,302,xaml,Title,False,
{d:DesignInstance Type=pages:ScriptGroupConfigViewModel},BetterGenshinImpact/View/Pages/View/ScriptGroupConfigView.xaml,10,xaml,text,False,
配置组设置,BetterGenshinImpact/View/Pages/View/ScriptGroupConfigView.xaml,22,xaml,Title,False,
地图追踪行走配置（不启用则使用地图追踪内的条件配置）,BetterGenshinImpact/View/Pages/View/ScriptGroupConfigView.xaml,50,xaml,Text,False,
是否开启自动拾取,BetterGenshinImpact/View/Pages/View/ScriptGroupConfigView.xaml,78,xaml,Text,False,
推荐开启以拾取路线中的掉落物、采集物,BetterGenshinImpact/View/Pages/View/ScriptGroupConfigView.xaml,83,xaml,Text,False,
是否开启自动吃药,BetterGenshinImpact/View/Pages/View/ScriptGroupConfigView.xaml,102,xaml,Text,False,
检测到红血状态时自动使用便携营养袋,BetterGenshinImpact/View/Pages/View/ScriptGroupConfigView.xaml,107,xaml,Text,False,
切换到队伍的名称（为空则不切换）,BetterGenshinImpact/View/Pages/View/ScriptGroupConfigView.xaml,126,xaml,Text,False,
队伍名称是你在游戏中手动设置的队伍名称文字,BetterGenshinImpact/View/Pages/View/ScriptGroupConfigView.xaml,131,xaml,Text,False,
切换队伍前强制前往安全的神像区域,BetterGenshinImpact/View/Pages/View/ScriptGroupConfigView.xaml,151,xaml,Text,False,
前往七天神像切换队伍可以避免切换队伍时位于异常状态导致切换失败,BetterGenshinImpact/View/Pages/View/ScriptGroupConfigView.xaml,156,xaml,Text,False,
【生存位】在队伍内的编号,BetterGenshinImpact/View/Pages/View/ScriptGroupConfigView.xaml,175,xaml,Text,False,
开盾/回血的角色位置，推荐琦良良、莱依拉,BetterGenshinImpact/View/Pages/View/ScriptGroupConfigView.xaml,180,xaml,Text,False,
【生存位】释放元素战技的间隔（秒）,BetterGenshinImpact/View/Pages/View/ScriptGroupConfigView.xaml,201,xaml,Text,False,
可能要填的时间略大于实际技能CD时间,BetterGenshinImpact/View/Pages/View/ScriptGroupConfigView.xaml,206,xaml,Text,False,
【生存位】元素战技是否长按,BetterGenshinImpact/View/Pages/View/ScriptGroupConfigView.xaml,226,xaml,Text,False,
钟离长按开盾、琦良良长按变猫等,BetterGenshinImpact/View/Pages/View/ScriptGroupConfigView.xaml,231,xaml,Text,False,
短按,BetterGenshinImpact/View/Pages/View/ScriptGroupConfigView.xaml,237,xaml,Content,False,
长按,BetterGenshinImpact/View/Pages/View/ScriptGroupConfigView.xaml,238,xaml,Content,False,
【行走位】主要行走的角色在队伍内的编号,BetterGenshinImpact/View/Pages/View/ScriptGroupConfigView.xaml,252,xaml,Text,False,
推荐和生存位相同，没有特殊需求无需配置,BetterGenshinImpact/View/Pages/View/ScriptGroupConfigView.xaml,257,xaml,Text,False,
使用小道具的间隔时间（毫秒）,BetterGenshinImpact/View/Pages/View/ScriptGroupConfigView.xaml,279,xaml,Text,False,
在移动期间自动使用小道具，填0为不使用,BetterGenshinImpact/View/Pages/View/ScriptGroupConfigView.xaml,284,xaml,Text,False,
低血量回复时机,BetterGenshinImpact/View/Pages/View/ScriptGroupConfigView.xaml,306,xaml,Text,False,
选择低血量时的回复策略：任何路径点/只在传送点/不回复,BetterGenshinImpact/View/Pages/View/ScriptGroupConfigView.xaml,311,xaml,Text,False,
不在某时执行,BetterGenshinImpact/View/Pages/View/ScriptGroupConfigView.xaml,335,xaml,Text,False,
当执行完一个路线后，如果时间为当前配置的时间（范围：0-23），则此地图追踪任务后续都将都跳过，适用于连续执行的兜底任务，例如想通宵挂机，并且在4点后，开始执行新的任务。,BetterGenshinImpact/View/Pages/View/ScriptGroupConfigView.xaml,340,xaml,Text,False,
不在连续任务中显示,BetterGenshinImpact/View/Pages/View/ScriptGroupConfigView.xaml,361,xaml,Text,False,
点击连续执行时，不显示该配置组,BetterGenshinImpact/View/Pages/View/ScriptGroupConfigView.xaml,366,xaml,Text,False,
自动赶路设置,BetterGenshinImpact/View/Pages/View/ScriptGroupConfigView.xaml,392,xaml,Text,False,
选择赶路角色后，在冲刺和奔跑节点大于设定距离时自动执行赶路技能,BetterGenshinImpact/View/Pages/View/ScriptGroupConfigView.xaml,397,xaml,Text,False,
赶路角色,BetterGenshinImpact/View/Pages/View/ScriptGroupConfigView.xaml,415,xaml,Text,False,
选择赶路角色后自动启用，留空则关闭赶路,BetterGenshinImpact/View/Pages/View/ScriptGroupConfigView.xaml,420,xaml,Text,False,
赶路模式,BetterGenshinImpact/View/Pages/View/ScriptGroupConfigView.xaml,443,xaml,Text,False,
精准靠近：适合采集，节点间减速 / 连续赶路：适合锄地,BetterGenshinImpact/View/Pages/View/ScriptGroupConfigView.xaml,448,xaml,Text,False,
赶路启用距离,BetterGenshinImpact/View/Pages/View/ScriptGroupConfigView.xaml,471,xaml,Text,False,
节点距离大于此值时启用赶路技能，填0则关闭,BetterGenshinImpact/View/Pages/View/ScriptGroupConfigView.xaml,476,xaml,Text,False,
接近停车距离,BetterGenshinImpact/View/Pages/View/ScriptGroupConfigView.xaml,500,xaml,Text,False,
到达节点前开始减速/下车/切人的距离，超出自定赶路距离时以前者为准,BetterGenshinImpact/View/Pages/View/ScriptGroupConfigView.xaml,505,xaml,Text,False,
接近时切人步行,BetterGenshinImpact/View/Pages/View/ScriptGroupConfigView.xaml,529,xaml,Text,False,
接近节点时切换步行角色,BetterGenshinImpact/View/Pages/View/ScriptGroupConfigView.xaml,534,xaml,Text,False,
启用跳飞赶路,BetterGenshinImpact/View/Pages/View/ScriptGroupConfigView.xaml,555,xaml,Text,False,
开启后赶路时启用跳飞,BetterGenshinImpact/View/Pages/View/ScriptGroupConfigView.xaml,560,xaml,Text,False,
跳飞/跳跃间隔（秒）,BetterGenshinImpact/View/Pages/View/ScriptGroupConfigView.xaml,581,xaml,Text,False,
跳飞/跳跃赶路间隔，闲云实际使用一半值,BetterGenshinImpact/View/Pages/View/ScriptGroupConfigView.xaml,586,xaml,Text,False,
执行周期配置,BetterGenshinImpact/View/Pages/View/ScriptGroupConfigView.xaml,623,xaml,Text,False,
以天为单位来决定是否执行此配置组,BetterGenshinImpact/View/Pages/View/ScriptGroupConfigView.xaml,628,xaml,Text,False,
分界时间,BetterGenshinImpact/View/Pages/View/ScriptGroupConfigView.xaml,650,xaml,Text,False,
分界时间，一般填0或4，如果填0则当天从0点开始算，如果填4，则当天从凌晨4点开始算，小于4点算前一天。,BetterGenshinImpact/View/Pages/View/ScriptGroupConfigView.xaml,655,xaml,Text,False,
分界时间参考服务器时区,BetterGenshinImpact/View/Pages/View/ScriptGroupConfigView.xaml,675,xaml,Text,False,
启用后，上面的分界时间将基于“服务器时区设置”计算。不启用则使用电脑本地时间（旧版行为）。,BetterGenshinImpact/View/Pages/View/ScriptGroupConfigView.xaml,680,xaml,Text,False,
周期,BetterGenshinImpact/View/Pages/View/ScriptGroupConfigView.xaml,700,xaml,Text,False,
不同材料有不同的周期，按需配置，如矿石类是3、突破材料是2，或按照自已想几天执行一次配置即可。,BetterGenshinImpact/View/Pages/View/ScriptGroupConfigView.xaml,705,xaml,Text,False,
执行序号,BetterGenshinImpact/View/Pages/View/ScriptGroupConfigView.xaml,725,xaml,Text,False,
执行周期序号，按时间戳对应的天数(会根据分界时间修正)，对周期求余值加1，得出的值和配置执一致就会执行，否则跳过任务。可以理解为周期内第几天执行。,BetterGenshinImpact/View/Pages/View/ScriptGroupConfigView.xaml,730,xaml,Text,False,
计算当天执行序号,BetterGenshinImpact/View/Pages/View/ScriptGroupConfigView.xaml,752,xaml,Text,False,
点击计算按钮，可计算出当天执行序号（今天是周期内的第几天）。,BetterGenshinImpact/View/Pages/View/ScriptGroupConfigView.xaml,757,xaml,Text,False,
计算,BetterGenshinImpact/View/Pages/View/ScriptGroupConfigView.xaml,764,xaml,Content,False,
跳过执行配置,BetterGenshinImpact/View/Pages/View/ScriptGroupConfigView.xaml,795,xaml,Text,False,
跳过指定时间内完成的调度器任务（js等未抛出异常则算成功，路径追踪任务，走完最后路径才算成功）的配置,BetterGenshinImpact/View/Pages/View/ScriptGroupConfigView.xaml,800,xaml,Text,False,
跳过执行策略,BetterGenshinImpact/View/Pages/View/ScriptGroupConfigView.xaml,822,xaml,Text,False,
根据不同的策略来跳过任务,BetterGenshinImpact/View/Pages/View/ScriptGroupConfigView.xaml,827,xaml,Text,False,
分界时间,BetterGenshinImpact/View/Pages/View/ScriptGroupConfigView.xaml,850,xaml,Text,False,
分界时间，一般填0或4，如果填0则当天从0点开始算，如果填4，则当天从凌晨4点开始算，小于4点算前一天，填写小于0的数或大于23，如-1，则不启用，适用于考虑固定刷新时间，且一天内不重复执行的情况。,BetterGenshinImpact/View/Pages/View/ScriptGroupConfigView.xaml,855,xaml,Text,False,
分界时间参考服务器时区,BetterGenshinImpact/View/Pages/View/ScriptGroupConfigView.xaml,875,xaml,Text,False,
启用后，上面的分界时间将基于“服务器时区设置”计算。不启用则使用电脑本地时间（旧版行为）。,BetterGenshinImpact/View/Pages/View/ScriptGroupConfigView.xaml,880,xaml,Text,False,
和上次运行的间隔秒数,BetterGenshinImpact/View/Pages/View/ScriptGroupConfigView.xaml,900,xaml,Text,False,
和上一次运行时间间隔时间小于配置时间，则跳过执行，小于0时不启用，出于精度考虑，这里使用秒为单位。,BetterGenshinImpact/View/Pages/View/ScriptGroupConfigView.xaml,905,xaml,Text,False,
间隔时间计算参照,BetterGenshinImpact/View/Pages/View/ScriptGroupConfigView.xaml,925,xaml,Text,False,
根据配置决定，间隔时间是根据开始时间算，还是根据结束时间算,BetterGenshinImpact/View/Pages/View/ScriptGroupConfigView.xaml,930,xaml,Text,False,
优先执行其他配置组,BetterGenshinImpact/View/Pages/View/ScriptGroupConfigView.xaml,966,xaml,Text,False,
每个任务开始前，会先检查优先执行的其他配置组，是否有任务可以执行，如果可以执行，则会先执行其他配置组的任务，所配置的其他任务组，必须开启跳过执行配置，不支持套娃，才会生效。可用于卡时间、优先材料等提高收益。,BetterGenshinImpact/View/Pages/View/ScriptGroupConfigView.xaml,971,xaml,Text,False,
配置组名称,BetterGenshinImpact/View/Pages/View/ScriptGroupConfigView.xaml,993,xaml,Text,False,
配置组名，多个用逗号分隔，只有开启跳过执行配置，才会生效。,BetterGenshinImpact/View/Pages/View/ScriptGroupConfigView.xaml,998,xaml,Text,False,
额外执行次数,BetterGenshinImpact/View/Pages/View/ScriptGroupConfigView.xaml,1018,xaml,Text,False,
需要优先的任务，在此配置组执行时，最多尝试的额外次数（失败或者CD过短导致依旧满足条件），防止无限循环，另外，此计数关闭任务，继续执行会清空。,BetterGenshinImpact/View/Pages/View/ScriptGroupConfigView.xaml,1023,xaml,Text,False,
战斗配置,BetterGenshinImpact/View/Pages/View/ScriptGroupConfigView.xaml,1058,xaml,Text,False,
快速检查战斗结束( 默认关闭 )，在一轮脚本中，可以每隔一定秒数（默认为5）或指定角色操作后，去检查（在每个角色完成该轮脚本时）。,BetterGenshinImpact/View/Pages/View/ScriptGroupConfigView.xaml,1227,xaml,Text,False,
旋转寻找敌人位置（实验性功能）,BetterGenshinImpact/View/Pages/View/ScriptGroupConfigView.xaml,1285,xaml,Text,False,
"检查战斗结束的延时，不同角色招式结束后的延时不一定相同，默认为1.5秒( 预设0.4秒 )。也可以指定特定角色之后延时多少秒检查，未指定角色名，则默认为该值。格式如：2.5;白术,1.5;钟离,1.0;",BetterGenshinImpact/View/Pages/View/ScriptGroupConfigView.xaml,1378,xaml,Text,False,
按下切换队伍后去检查屏幕色块的延时，默认为0.45秒( 预设0.4秒 )。若频繁误判可以适当提高这个值，比如到0.75。确保这个延时不会真的把队伍配置界面切出来。,BetterGenshinImpact/View/Pages/View/ScriptGroupConfigView.xaml,1403,xaml,Text,False,
实时检测盾奶位技能情况,BetterGenshinImpact/View/Pages/View/ScriptGroupConfigView.xaml,1477,xaml,Text,False,
禁用该角色战斗策略,BetterGenshinImpact/View/Pages/View/ScriptGroupConfigView.xaml,1495,xaml,Text,False,
"(二次拾取：琴首次拾取空,再次拾取。即使万叶刚使用过技能，也会强制再次拾取。)",BetterGenshinImpact/View/Pages/View/ScriptGroupConfigView.xaml,1685,xaml,Text,False,
二次拾取,BetterGenshinImpact/View/Pages/View/ScriptGroupConfigView.xaml,1714,xaml,Text,False,
基于经验值判断拾取(经验值57/58/60，不含传奇120等数字),BetterGenshinImpact/View/Pages/View/ScriptGroupConfigView.xaml,1739,xaml,Text,False,
战斗中检测精英怪死亡经验数字值图标，未检测到时跳过拾取，避免无价值战斗后浪费时间,BetterGenshinImpact/View/Pages/View/ScriptGroupConfigView.xaml,1744,xaml,Text,False,
拾取战斗人次阈值,BetterGenshinImpact/View/Pages/View/ScriptGroupConfigView.xaml,1764,xaml,Text,False,
"拾取战斗人次阈值,当战斗人次小于一定次数，就结束战斗情况下，不触发拾取掉落物和万叶拾取配置，只有不小于2时才生效。",BetterGenshinImpact/View/Pages/View/ScriptGroupConfigView.xaml,1769,xaml,Text,False,
只拾取精英掉落模式,BetterGenshinImpact/View/Pages/View/ScriptGroupConfigView.xaml,1790,xaml,Text,False,
需要路径文件支持，需勾选区分怪物拾取才生效，可通过仓库标签查看，精英怪物可以在点位的更多》扩展配置》怪物标签中，可标记。只拾取标记为精英或传奇的点位。非精英允许自动拾取：战斗过程中掉落脚下的可以自动拾取，但不会执行万叶拾取和自动拾取配置逻辑。非精英关闭拾取：战斗过程中掉落到脚下的也不会自动拾取。,BetterGenshinImpact/View/Pages/View/ScriptGroupConfigView.xaml,1795,xaml,Text,False,
万叶拾取队伍名,BetterGenshinImpact/View/Pages/View/ScriptGroupConfigView.xaml,1819,xaml,Text,False,
战斗结束后，如果不存在万叶，则切换至存在万叶的队伍（基于开启万叶拾取情况下，并且填写队伍名才会切换），适用于需要多一个人刷经验时，替换调万叶的位置，战斗策略建议兼容两个队伍的，以防止队伍切换不成功也能继续战斗。,BetterGenshinImpact/View/Pages/View/ScriptGroupConfigView.xaml,1824,xaml,Text,False,
默认的攻击类料理名称,BetterGenshinImpact/View/Pages/View/ScriptGroupConfigView.xaml,1928,xaml,Text,False,
默认的冒险类料理名称,BetterGenshinImpact/View/Pages/View/ScriptGroupConfigView.xaml,1957,xaml,Text,False,
默认的防御类料理名称,BetterGenshinImpact/View/Pages/View/ScriptGroupConfigView.xaml,1986,xaml,Text,False,
Shell执行配置,BetterGenshinImpact/View/Pages/View/ScriptGroupConfigView.xaml,2021,xaml,Text,False,
禁用Shell任务,BetterGenshinImpact/View/Pages/View/ScriptGroupConfigView.xaml,2049,xaml,Text,False,
如果打开，则Shell任务会被跳过执行,BetterGenshinImpact/View/Pages/View/ScriptGroupConfigView.xaml,2054,xaml,Text,False,
Shell执行超时,BetterGenshinImpact/View/Pages/View/ScriptGroupConfigView.xaml,2073,xaml,Text,False,
最长等待命令返回的时间，单位秒。如果时间&lt;=0则不等待，直接返回。,BetterGenshinImpact/View/Pages/View/ScriptGroupConfigView.xaml,2078,xaml,Text,False,
隐藏命令执行窗口,BetterGenshinImpact/View/Pages/View/ScriptGroupConfigView.xaml,2098,xaml,Text,False,
推荐启用，不然会有一个大黑框。,BetterGenshinImpact/View/Pages/View/ScriptGroupConfigView.xaml,2103,xaml,Text,False,
在Log中记录命令输出,BetterGenshinImpact/View/Pages/View/ScriptGroupConfigView.xaml,2122,xaml,Text,False,
打开的话若命令有输出会在Log中显示，关闭则不显示。(只有命令执行成功且有输出才会显示),BetterGenshinImpact/View/Pages/View/ScriptGroupConfigView.xaml,2127,xaml,Text,False,
地图追踪动作配置,BetterGenshinImpact/View/Pages/View/ScriptGroupConfigView.xaml,2154,xaml,Text,False,
进行普通攻击的角色在队伍内的编号,BetterGenshinImpact/View/Pages/View/ScriptGroupConfigView.xaml,2178,xaml,Text,False,
一般用于收集需要元素反应才能采集的植物,BetterGenshinImpact/View/Pages/View/ScriptGroupConfigView.xaml,2183,xaml,Text,False,
释放元素战技的角色在队伍内的编号,BetterGenshinImpact/View/Pages/View/ScriptGroupConfigView.xaml,2204,xaml,Text,False,
用于采集石珀等,BetterGenshinImpact/View/Pages/View/ScriptGroupConfigView.xaml,2209,xaml,Text,False,
退出,BetterGenshinImpact/View/Windows/ArtifactOcrDialog.xaml,61,xaml,Content,True,
发现新版本,BetterGenshinImpact/View/Windows/CheckUpdateWindow.xaml,13,xaml,Title,False,
开源渠道,BetterGenshinImpact/View/Windows/CheckUpdateWindow.xaml,55,xaml,Text,False,
立即更新,BetterGenshinImpact/View/Windows/CheckUpdateWindow.xaml,75,xaml,Content,False,
Steambird 服务 🆓,BetterGenshinImpact/View/Windows/CheckUpdateWindow.xaml,91,xaml,Text,False,
【国内】普通用户可点此直接更新,BetterGenshinImpact/View/Windows/CheckUpdateWindow.xaml,96,xaml,Text,False,
立即更新,BetterGenshinImpact/View/Windows/CheckUpdateWindow.xaml,104,xaml,Content,False,
Mirror酱服务 💰,BetterGenshinImpact/View/Windows/CheckUpdateWindow.xaml,120,xaml,Text,False,
【国内】Mirror酱用户可以输入CDK高速更新,BetterGenshinImpact/View/Windows/CheckUpdateWindow.xaml,125,xaml,Text,False,
修改CDK,BetterGenshinImpact/View/Windows/CheckUpdateWindow.xaml,134,xaml,Content,False,
立即更新,BetterGenshinImpact/View/Windows/CheckUpdateWindow.xaml,138,xaml,Content,False,
Hutao Cloud 胡桃云⚡,BetterGenshinImpact/View/Windows/CheckUpdateWindow.xaml,155,xaml,Text,False,
胡桃云CDN用户，可使用 Hutao Cloud CDN 高速更新,BetterGenshinImpact/View/Windows/CheckUpdateWindow.xaml,160,xaml,Text,False,
唤起胡桃,BetterGenshinImpact/View/Windows/CheckUpdateWindow.xaml,168,xaml,Content,False,
后台更新,BetterGenshinImpact/View/Windows/CheckUpdateWindow.xaml,181,xaml,Content,False,
手动下载,BetterGenshinImpact/View/Windows/CheckUpdateWindow.xaml,190,xaml,Content,False,
💡 如果上方更新渠道无法正常更新，可以点击此按钮手动下载安装包进行更新,BetterGenshinImpact/View/Windows/CheckUpdateWindow.xaml,213,xaml,Text,False,
立即更新,BetterGenshinImpact/View/Windows/CheckUpdateWindow.xaml,232,xaml,Content,False,
不再提示,BetterGenshinImpact/View/Windows/CheckUpdateWindow.xaml,238,xaml,Content,False,
JSON 编辑器,BetterGenshinImpact/View/Windows/JsonMonoDialog.xaml,9,xaml,Title,False,
保存,BetterGenshinImpact/View/Windows/JsonMonoDialog.xaml,47,xaml,Content,False,
JSON 编辑器,BetterGenshinImpact/View/Windows/JsonMonoDialog.xaml,54,xaml,Title,False,
搜索当前区域下的标点分类,BetterGenshinImpact/View/Windows/MapLabelSearchWindow.xaml,31,xaml,PlaceholderText,False,
{d:DesignInstance Type=windows:MapPathingDevViewModel},BetterGenshinImpact/View/Windows/MapPathingDevWindow.xaml,10,xaml,text,False,
地图追踪开发者工具,BetterGenshinImpact/View/Windows/MapPathingDevWindow.xaml,20,xaml,Title,False,
查看实时追踪地图,BetterGenshinImpact/View/Windows/MapPathingDevWindow.xaml,43,xaml,Content,False,
录制编辑器,BetterGenshinImpact/View/Windows/MapPathingDevWindow.xaml,47,xaml,Content,False,
地图,BetterGenshinImpact/View/Windows/MapViewer.xaml,9,xaml,Title,False,
{d:DesignInstance Type=windows:MapViewerViewModel},BetterGenshinImpact/View/Windows/MapViewer.xaml,12,xaml,text,False,
地图,BetterGenshinImpact/View/Windows/MapViewer.xaml,35,xaml,Title,False,
原神 - 画中画,BetterGenshinImpact/View/Windows/PictureInPictureWindow.xaml,7,xaml,Title,False,
左下角按钮,BetterGenshinImpact/View/Windows/PromptDialog.xaml,64,xaml,Content,False,
立即更新,BetterGenshinImpact/View/Windows/RepoUpdateDialog.xaml,73,xaml,Content,False,
直接打开,BetterGenshinImpact/View/Windows/RepoUpdateDialog.xaml,81,xaml,Content,False,
Git一键更新,BetterGenshinImpact/View/Windows/ScriptRepoWindow.xaml,59,xaml,Text,False,
更新渠道：,BetterGenshinImpact/View/Windows/ScriptRepoWindow.xaml,82,xaml,Text,False,
仓库地址：,BetterGenshinImpact/View/Windows/ScriptRepoWindow.xaml,103,xaml,Text,False,
用户名称：,BetterGenshinImpact/View/Windows/ScriptRepoWindow.xaml,144,xaml,Text,False,
访问令牌：,BetterGenshinImpact/View/Windows/ScriptRepoWindow.xaml,166,xaml,Text,False,
更新仓库,BetterGenshinImpact/View/Windows/ScriptRepoWindow.xaml,186,xaml,Content,False,
重置仓库,BetterGenshinImpact/View/Windows/ScriptRepoWindow.xaml,193,xaml,Content,False,
URL更新,BetterGenshinImpact/View/Windows/ScriptRepoWindow.xaml,208,xaml,Text,False,
从在线地址直接下载脚本仓库压缩包，适用于网络环境较好的情况。,BetterGenshinImpact/View/Windows/ScriptRepoWindow.xaml,222,xaml,Text,False,
下载地址：,BetterGenshinImpact/View/Windows/ScriptRepoWindow.xaml,234,xaml,Text,False,
下载并导入,BetterGenshinImpact/View/Windows/ScriptRepoWindow.xaml,243,xaml,Content,False,
手动导入,BetterGenshinImpact/View/Windows/ScriptRepoWindow.xaml,254,xaml,Text,False,
从本地zip文件导入脚本仓库，适用于离线环境或网络不稳定的情况。,BetterGenshinImpact/View/Windows/ScriptRepoWindow.xaml,269,xaml,Text,False,
请选择包含脚本仓库内容的zip压缩包文件进行导入。,BetterGenshinImpact/View/Windows/ScriptRepoWindow.xaml,275,xaml,Text,False,
可以从这里获取zip：,BetterGenshinImpact/View/Windows/ScriptRepoWindow.xaml,281,xaml,Text,False,
脚本仓库文档,BetterGenshinImpact/View/Windows/ScriptRepoWindow.xaml,283,xaml,Text,False,
选择zip文件导入,BetterGenshinImpact/View/Windows/ScriptRepoWindow.xaml,289,xaml,Content,False,
打开仓库,BetterGenshinImpact/View/Windows/ScriptRepoWindow.xaml,328,xaml,Content,False,
一键更新订阅,BetterGenshinImpact/View/Windows/ScriptRepoWindow.xaml,335,xaml,Content,False,
角色CD配置,BetterGenshinImpact/View/Windows/SkillCdConfigWindow.xaml,9,xaml,Title,False,
角色 CD 配置,BetterGenshinImpact/View/Windows/SkillCdConfigWindow.xaml,30,xaml,Title,False,
"为指定的角色配置未识别到 CD 数字时的默认值。如玛薇卡开 E 会显示摩托车，识别不到 CD 。
仅填写了角色名的角色将使用默认 CD。",BetterGenshinImpact/View/Windows/SkillCdConfigWindow.xaml,45,xaml,Text,True,
角色名:,BetterGenshinImpact/View/Windows/SkillCdConfigWindow.xaml,65,xaml,Text,False,
CD(秒):,BetterGenshinImpact/View/Windows/SkillCdConfigWindow.xaml,73,xaml,Text,False,
🔹 本软件开源且免费，喜欢的可以点🌟Star -> ,BetterGenshinImpact/View/Windows/WelcomeDialog.xaml,30,xaml,Text,False,
🔹 首次使用请先查看,BetterGenshinImpact/View/Windows/WelcomeDialog.xaml,36,xaml,Text,False,
❗本软件从未授权任何第三方平台进行,BetterGenshinImpact/View/Windows/WelcomeDialog.xaml,46,xaml,Text,False,
售卖,BetterGenshinImpact/View/Windows/WelcomeDialog.xaml,46,xaml,Text,False,
。如果你是付费获取的本软件（闲鱼、淘宝等），请举报商家并发起,BetterGenshinImpact/View/Windows/WelcomeDialog.xaml,47,xaml,Text,False,
退款,BetterGenshinImpact/View/Windows/WelcomeDialog.xaml,47,xaml,Text,False,
本软件,BetterGenshinImpact/View/Windows/WelcomeDialog.xaml,51,xaml,Text,False,
🔄开源,BetterGenshinImpact/View/Windows/WelcomeDialog.xaml,52,xaml,Text,False,
且,BetterGenshinImpact/View/Windows/WelcomeDialog.xaml,53,xaml,Text,False,
🆓免费,BetterGenshinImpact/View/Windows/WelcomeDialog.xaml,54,xaml,Text,False,
执行周期,BetterGenshinImpact/View/Windows/Editable/ScriptGroupProjectEditor.xaml,27,xaml,Text,False,
执行次数,BetterGenshinImpact/View/Windows/Editable/ScriptGroupProjectEditor.xaml,34,xaml,Text,False,
状态,BetterGenshinImpact/View/Windows/Editable/ScriptGroupProjectEditor.xaml,37,xaml,Text,False,
JS 通知权限,BetterGenshinImpact/View/Windows/Editable/ScriptGroupProjectEditor.xaml,42,xaml,Text,False,
JS HTTP权限,BetterGenshinImpact/View/Windows/Editable/ScriptGroupProjectEditor.xaml,54,xaml,Text,False,
允许脚本发送HTTP请求，可能会带来安全风险，请谨慎开启。,BetterGenshinImpact/View/Windows/Editable/ScriptGroupProjectEditor.xaml,57,xaml,Text,False,
注意：脚本更新http_allowed_urls后，需手动重新启用权限。,BetterGenshinImpact/View/Windows/Editable/ScriptGroupProjectEditor.xaml,61,xaml,Text,False,
本地无仓库信息，请至少成功更新一次脚本仓库信息！,BetterGenshinImpact/Core/Script/ScriptRepoUpdater.cs,2222,cs,ThemedMessageBox,False,
快速选择,BetterGenshinImpact/GameTask/AutoArtifactSalvage/AutoArtifactSalvageTask.cs,79,cs,WithCultureGet,True,
1星圣遗物,BetterGenshinImpact/GameTask/AutoArtifactSalvage/AutoArtifactSalvageTask.cs,82,cs,WithCultureGet,True,
2星圣遗物,BetterGenshinImpact/GameTask/AutoArtifactSalvage/AutoArtifactSalvageTask.cs,83,cs,WithCultureGet,True,
3星圣遗物,BetterGenshinImpact/GameTask/AutoArtifactSalvage/AutoArtifactSalvageTask.cs,84,cs,WithCultureGet,True,
4星圣遗物,BetterGenshinImpact/GameTask/AutoArtifactSalvage/AutoArtifactSalvageTask.cs,85,cs,WithCultureGet,True,
挑战达成,BetterGenshinImpact/GameTask/AutoDomain/AutoDomainTask.cs,100,cs,WithCultureGet,True,
自动退出,BetterGenshinImpact/GameTask/AutoDomain/AutoDomainTask.cs,101,cs,WithCultureGet,True,
跳过,BetterGenshinImpact/GameTask/AutoDomain/AutoDomainTask.cs,102,cs,WithCultureGet,True,
地脉异常,BetterGenshinImpact/GameTask/AutoDomain/AutoDomainTask.cs,103,cs,WithCultureGet,True,
点击任意位置关闭,BetterGenshinImpact/GameTask/AutoDomain/AutoDomainTask.cs,104,cs,WithCultureGet,True,
匹配挑战,BetterGenshinImpact/GameTask/AutoDomain/AutoDomainTask.cs,105,cs,WithCultureGet,True,
快速编队,BetterGenshinImpact/GameTask/AutoDomain/AutoDomainTask.cs,106,cs,WithCultureGet,True,
限时全部开放,BetterGenshinImpact/GameTask/AutoDomain/AutoDomainTask.cs,107,cs,WithCultureGet,True,
限时开放,BetterGenshinImpact/GameTask/AutoDomain/AutoDomainTask.cs,108,cs,WithCultureGet,True,
钓鱼,BetterGenshinImpact/GameTask/AutoFishing/AutoFishingTask.cs,372,cs,WithCultureGet,True,
钓鱼,BetterGenshinImpact/GameTask/AutoFishing/AutoFishingTask.cs,447,cs,WithCultureGet,True,
上钩,BetterGenshinImpact/GameTask/AutoFishing/Behaviours.cs,734,cs,WithCultureGet,True,
读取拾取黑/白名单失败，请确认修改后的拾取黑/白名单内容格式是否正确！,BetterGenshinImpact/GameTask/AutoPick/AutoPickTrigger.cs,101,cs,ThemedMessageBox,True,
读取拾取黑/白名单失败，请确认修改后的拾取黑/白名单内容格式是否正确！,BetterGenshinImpact/GameTask/AutoPick/AutoPickTrigger.cs,121,cs,ThemedMessageBox,True,
读取拾取黑/白名单失败，请确认修改后的拾取黑/白名单内容格式是否正确！,BetterGenshinImpact/GameTask/AutoPick/AutoPickTrigger.cs,141,cs,ThemedMessageBox,True,
读取自动剧情默认暂停点击关键词列表失败，请确认修改后的自动剧情默认暂停点击关键词内容格式是否正确！,BetterGenshinImpact/GameTask/AutoSkip/AutoSkipTrigger.cs,141,cs,ThemedMessageBox,True,
读取自动剧情暂停点击关键词列表失败，请确认修改后的自动剧情暂停点击关键词内容格式是否正确！,BetterGenshinImpact/GameTask/AutoSkip/AutoSkipTrigger.cs,155,cs,ThemedMessageBox,True,
读取自动剧情优先点击选项列表失败，请确认修改后的自动剧情优先点击选项内容格式是否正确！,BetterGenshinImpact/GameTask/AutoSkip/AutoSkipTrigger.cs,169,cs,ThemedMessageBox,True,
复苏,BetterGenshinImpact/GameTask/Common/BgiVision/BvStatus.cs,259,cs,WithCultureGet,True,
今日奖励已领取,BetterGenshinImpact/GameTask/Common/Job/CheckRewardsTask.cs,33,cs,WithCultureGet,True,
委托,BetterGenshinImpact/GameTask/Common/Job/ClaimEncounterPointsRewardsTask.cs,33,cs,WithCultureGet,True,
每日,BetterGenshinImpact/GameTask/Common/Job/GoToAdventurersGuildTask.cs,37,cs,WithCultureGet,True,
凯瑟琳,BetterGenshinImpact/GameTask/Common/Job/GoToAdventurersGuildTask.cs,38,cs,WithCultureGet,True,
探索,BetterGenshinImpact/GameTask/Common/Job/GoToAdventurersGuildTask.cs,39,cs,WithCultureGet,True,
合成,BetterGenshinImpact/GameTask/Common/Job/GoToCraftingBenchTask.cs,45,cs,WithCultureGet,True,
阿圆,BetterGenshinImpact/GameTask/Common/Job/GoToSereniteaPotTask.cs,55,cs,WithCultureGet,True,
壶灵,BetterGenshinImpact/GameTask/Common/Job/GoToSereniteaPotTask.cs,56,cs,WithCultureGet,True,
<壶灵>,BetterGenshinImpact/GameTask/Common/Job/GoToSereniteaPotTask.cs,57,cs,WithCultureGet,True,
信任,BetterGenshinImpact/GameTask/Common/Job/GoToSereniteaPotTask.cs,58,cs,WithCultureGet,True,
洞天百宝,BetterGenshinImpact/GameTask/Common/Job/GoToSereniteaPotTask.cs,59,cs,WithCultureGet,True,
再见,BetterGenshinImpact/GameTask/Common/Job/GoToSereniteaPotTask.cs,60,cs,WithCultureGet,True,
"以管理员权限启动 BetterGI 失败，非管理员权限下所有模拟操作功能均不可用！
请尝试 右键 —— 以管理员身份运行 的方式启动 BetterGI",BetterGenshinImpact/Helpers/RuntimeHelper.cs,103,cs,ThemedMessageBox,False,
检测到当前 BetterGI 位于C盘，尝试修改目录权限失败，可能会导致WebView2相关的功能无法使用！,BetterGenshinImpact/Helpers/SecurityControlHelper.cs,34,cs,ThemedMessageBox,False,
当前已是最新版本！,BetterGenshinImpact/Service/UpdateService.cs,76,cs,ThemedMessageBox,False,
更新程序不存在，请选择其他更新方式！,BetterGenshinImpact/Service/UpdateService.cs,133,cs,ThemedMessageBox,False,
平均截图耗时:,BetterGenshinImpact/View/CaptureTestWindow.xaml.cs,35,cs,string-literal,True,
平均转换耗时:,BetterGenshinImpact/View/CaptureTestWindow.xaml.cs,36,cs,string-literal,False,
平均总耗时:,BetterGenshinImpact/View/CaptureTestWindow.xaml.cs,37,cs,string-literal,False,
请选择窗口,BetterGenshinImpact/View/CaptureTestWindow.xaml.cs,45,cs,string-literal,False,
截图耗时:,BetterGenshinImpact/View/CaptureTestWindow.xaml.cs,68,cs,string-literal,True,
转换耗时:,BetterGenshinImpact/View/CaptureTestWindow.xaml.cs,87,cs,string-literal,False,
截图失败,BetterGenshinImpact/View/CaptureTestWindow.xaml.cs,92,cs,string-literal,True,
最多同时打开 {MaxWindows} 个HTML遮罩窗口,BetterGenshinImpact/View/HtmlMaskWindow.xaml.cs,77,cs,string-literal,False,
HTML遮罩窗口不存在或已关闭: {windowId},BetterGenshinImpact/View/HtmlMaskWindow.xaml.cs,179,cs,string-literal,False,
HTML遮罩窗口消息推送异常,BetterGenshinImpact/View/HtmlMaskWindow.xaml.cs,235,cs,string-literal,False,
WebView2 初始化失败: {e.Message},BetterGenshinImpact/View/HtmlMaskWindow.xaml.cs,361,cs,string-literal,False,
拦截HTML遮罩越级文件访问: {Uri},BetterGenshinImpact/View/HtmlMaskWindow.xaml.cs,385,cs,string-literal,False,
未启用JS HTTP权限，拦截HTML遮罩网络请求: {Uri},BetterGenshinImpact/View/HtmlMaskWindow.xaml.cs,397,cs,string-literal,False,
未配置 http_allowed_urls，拦截HTML遮罩网络请求: {Uri},BetterGenshinImpact/View/HtmlMaskWindow.xaml.cs,405,cs,string-literal,False,
URL不在允许列表中，拦截HTML遮罩网络请求: {Uri},BetterGenshinImpact/View/HtmlMaskWindow.xaml.cs,416,cs,string-literal,False,
HTML遮罩资源请求拦截异常,BetterGenshinImpact/View/HtmlMaskWindow.xaml.cs,421,cs,string-literal,False,
HTML遮罩窗口位置更新失败,BetterGenshinImpact/View/HtmlMaskWindow.xaml.cs,449,cs,string-literal,False,
HTML遮罩窗口激活失败,BetterGenshinImpact/View/HtmlMaskWindow.xaml.cs,488,cs,string-literal,False,
HTML遮罩恢复游戏焦点失败,BetterGenshinImpact/View/HtmlMaskWindow.xaml.cs,504,cs,string-literal,False,
主窗体实例化,BetterGenshinImpact/View/MainWindow.xaml.cs,41,cs,string-literal,False,
主窗体退出,BetterGenshinImpact/View/MainWindow.xaml.cs,212,cs,string-literal,False,
MaskWindow 未初始化,BetterGenshinImpact/View/MaskWindow.xaml.cs,85,cs,string-literal,False,
更好的原神 {Version},BetterGenshinImpact/View/MaskWindow.xaml.cs,289,cs,string-literal,False,
遮罩窗口已启动，游戏大小{Width}x{Height}，素材缩放{Scale}，DPI缩放{Dpi},BetterGenshinImpact/View/MaskWindow.xaml.cs,294,cs,string-literal,False,
当前游戏分辨率不是16:9，一条龙、配队识别、地图传送、地图追踪等所有独立任务与全自动任务相关功能，都将会无法正常使用！,BetterGenshinImpact/View/MaskWindow.xaml.cs,299,cs,string-literal,True,
检测到 MSI Afterburner 正在运行，如果信息位于特定UI上遮盖图像识别要素可能导致识别失败，请关闭MSI Afterburner 或者调整信息位置后重试！,BetterGenshinImpact/View/MaskWindow.xaml.cs,313,cs,string-literal,True,
切换地图标点分类时发生异常,BetterGenshinImpact/View/MaskWindow.xaml.cs,429,cs,string-literal,False,
获取窗口图标失败: {ex.Message},BetterGenshinImpact/View/PickerWindow.xaml.cs,160,cs,string-literal,False,
原神,BetterGenshinImpact/View/PickerWindow.xaml.cs,170,cs,string-literal,False,
云·原神,BetterGenshinImpact/View/PickerWindow.xaml.cs,171,cs,string-literal,False,
确认选择,BetterGenshinImpact/View/PickerWindow.xaml.cs,184,cs,string-literal,False,
等待按键...,BetterGenshinImpact/View/Controls/KeyBindings/KeyBindingTextBox.cs,82,cs,string-literal,False,
Markdown 图片不存在。,BetterGenshinImpact/View/Controls/Markdown/MarkdownImageLoader.cs,87,cs,string-literal,False,
图片大小超过 {MaxDownloadBytes / 1024 / 1024} MB 限制。,BetterGenshinImpact/View/Controls/Markdown/MarkdownImageLoader.cs,92,cs,string-literal,False,
找不到 Markdown pack 资源。,BetterGenshinImpact/View/Controls/Markdown/MarkdownImageLoader.cs,100,cs,string-literal,False,
图片大小超过 {MaxDownloadBytes / 1024 / 1024} MB 限制。,BetterGenshinImpact/View/Controls/Markdown/MarkdownImageLoader.cs,110,cs,string-literal,False,
不支持的图片协议：{source.Scheme},BetterGenshinImpact/View/Controls/Markdown/MarkdownImageLoader.cs,118,cs,string-literal,False,
图片大小超过 {MaxDownloadBytes / 1024 / 1024} MB 限制。,BetterGenshinImpact/View/Controls/Markdown/MarkdownImageLoader.cs,152,cs,string-literal,False,
无效的图片 data URI。,BetterGenshinImpact/View/Controls/Markdown/MarkdownImageLoader.cs,166,cs,string-literal,False,
图片大小超过 {MaxDownloadBytes / 1024 / 1024} MB 限制。,BetterGenshinImpact/View/Controls/Markdown/MarkdownImageLoader.cs,177,cs,string-literal,False,
无法解码 Markdown 图片。,BetterGenshinImpact/View/Controls/Markdown/MarkdownImageLoader.cs,220,cs,string-literal,False,
图片像素尺寸无效或超过安全限制。,BetterGenshinImpact/View/Controls/Markdown/MarkdownImageLoader.cs,229,cs,string-literal,False,
Markdown 图片,BetterGenshinImpact/View/Controls/Markdown/MarkdownImageLoader.cs,281,cs,string-literal,False,
图片加载进度,BetterGenshinImpact/View/Controls/Markdown/MarkdownImageLoader.cs,310,cs,string-literal,False,
重新加载,BetterGenshinImpact/View/Controls/Markdown/MarkdownImageLoader.cs,340,cs,string-literal,False,
重新加载图片,BetterGenshinImpact/View/Controls/Markdown/MarkdownImageLoader.cs,347,cs,string-literal,False,
连接超时（15 秒），请检查网络后重试。,BetterGenshinImpact/View/Controls/Markdown/MarkdownImageLoader.cs,398,cs,string-literal,False,
正在加载图片…,BetterGenshinImpact/View/Controls/Markdown/MarkdownImageLoader.cs,448,cs,string-literal,False,
正在加载图片：{_request.AlternativeText},BetterGenshinImpact/View/Controls/Markdown/MarkdownImageLoader.cs,449,cs,string-literal,False,
图片正在加载,BetterGenshinImpact/View/Controls/Markdown/MarkdownImageLoader.cs,452,cs,string-literal,False,
图片加载失败：{friendlyMessage},BetterGenshinImpact/View/Controls/Markdown/MarkdownImageLoader.cs,462,cs,string-literal,False,
"{_request.AlternativeText}
图片加载失败：{friendlyMessage}",BetterGenshinImpact/View/Controls/Markdown/MarkdownImageLoader.cs,463,cs,string-literal,False,
图片加载失败：{friendlyMessage},BetterGenshinImpact/View/Controls/Markdown/MarkdownImageLoader.cs,466,cs,string-literal,False,
图片加载失败：{friendlyMessage}（{exception.Message}）,BetterGenshinImpact/View/Controls/Markdown/MarkdownImageLoader.cs,469,cs,string-literal,False,
内嵌 data URI 图片,BetterGenshinImpact/View/Controls/Markdown/MarkdownImageLoader.cs,487,cs,string-literal,False,
服务器返回 HTTP {(int)statusCode}（{statusCode}）。,BetterGenshinImpact/View/Controls/Markdown/MarkdownImageLoader.cs,496,cs,string-literal,False,
网络连接失败，请检查网络、代理或图片地址后重试。,BetterGenshinImpact/View/Controls/Markdown/MarkdownImageLoader.cs,497,cs,string-literal,False,
本地图片文件不存在。,BetterGenshinImpact/View/Controls/Markdown/MarkdownImageLoader.cs,498,cs,string-literal,False,
没有权限读取本地图片。,BetterGenshinImpact/View/Controls/Markdown/MarkdownImageLoader.cs,499,cs,string-literal,False,
图片地址格式无效。,BetterGenshinImpact/View/Controls/Markdown/MarkdownImageLoader.cs,502,cs,string-literal,False,
发生未知错误，请重试。,BetterGenshinImpact/View/Controls/Markdown/MarkdownImageLoader.cs,504,cs,string-literal,False,
无法打开链接：{ex.Message},BetterGenshinImpact/View/Controls/Markdown/MarkdownView.xaml.cs,361,cs,string-literal,False,
无法渲染 Markdown 文档。,BetterGenshinImpact/View/Controls/Markdown/MarkdownView.xaml.cs,496,cs,string-literal,False,
Markdown 与 FilePath 不能同时设置。,BetterGenshinImpact/View/Controls/Markdown/MarkdownView.xaml.cs,541,cs,string-literal,False,
Markdown 文件不存在：{filePath},BetterGenshinImpact/View/Controls/Markdown/MarkdownView.xaml.cs,559,cs,string-literal,False,
无法监听 Markdown 文件变化：{ex.Message},BetterGenshinImpact/View/Controls/Markdown/MarkdownView.xaml.cs,597,cs,string-literal,False,
节点 {block.GetType().Name} 渲染失败，已按纯文本降级：{ex.Message},BetterGenshinImpact/View/Controls/Markdown/MarkdownWpfRenderer.cs,106,cs,string-literal,False,
Emoji 彩色渲染失败，已回退为系统字体：{ex.Message},BetterGenshinImpact/View/Controls/Markdown/MarkdownWpfRenderer.cs,136,cs,string-literal,False,
数学公式渲染器尚未配置，已显示 LaTeX 源码。,BetterGenshinImpact/View/Controls/Markdown/MarkdownWpfRenderer.cs,297,cs,string-literal,False,
{language} 图表渲染器尚未配置，已显示源码。,BetterGenshinImpact/View/Controls/Markdown/MarkdownWpfRenderer.cs,308,cs,string-literal,False,
复制代码,BetterGenshinImpact/View/Controls/Markdown/MarkdownWpfRenderer.cs,721,cs,string-literal,False,
复制代码,BetterGenshinImpact/View/Controls/Markdown/MarkdownWpfRenderer.cs,723,cs,string-literal,False,
复制代码失败：{ex.Message},BetterGenshinImpact/View/Controls/Markdown/MarkdownWpfRenderer.cs,737,cs,string-literal,False,
HTML 块已按安全文本子集渲染，样式和脚本不会执行。,BetterGenshinImpact/View/Controls/Markdown/MarkdownWpfRenderer.cs,781,cs,string-literal,False,
行内数学公式渲染器尚未配置，已显示 LaTeX 源码。,BetterGenshinImpact/View/Controls/Markdown/MarkdownWpfRenderer.cs,847,cs,string-literal,False,
无法解析图片地址：{rawSource},BetterGenshinImpact/View/Controls/Markdown/MarkdownWpfRenderer.cs,937,cs,string-literal,False,
已完成,BetterGenshinImpact/View/Controls/Markdown/MarkdownWpfRenderer.cs,993,cs,string-literal,False,
未完成,BetterGenshinImpact/View/Controls/Markdown/MarkdownWpfRenderer.cs,993,cs,string-literal,False,
已完成的任务,BetterGenshinImpact/View/Controls/Markdown/MarkdownWpfRenderer.cs,995,cs,string-literal,False,
未完成的任务,BetterGenshinImpact/View/Controls/Markdown/MarkdownWpfRenderer.cs,995,cs,string-literal,False,
返回正文,BetterGenshinImpact/View/Controls/Markdown/MarkdownWpfRenderer.cs,1019,cs,string-literal,False,
脚注 {label},BetterGenshinImpact/View/Controls/Markdown/MarkdownWpfRenderer.cs,1019,cs,string-literal,False,
无法解析链接地址：{rawTarget},BetterGenshinImpact/View/Controls/Markdown/MarkdownWpfRenderer.cs,1200,cs,string-literal,False,
警告,BetterGenshinImpact/View/Controls/Markdown/MarkdownWpfRenderer.cs,1409,cs,string-literal,False,
注意,BetterGenshinImpact/View/Controls/Markdown/MarkdownWpfRenderer.cs,1410,cs,string-literal,False,
提示,BetterGenshinImpact/View/Controls/Markdown/MarkdownWpfRenderer.cs,1411,cs,string-literal,False,
重要,BetterGenshinImpact/View/Controls/Markdown/MarkdownWpfRenderer.cs,1412,cs,string-literal,False,
说明,BetterGenshinImpact/View/Controls/Markdown/MarkdownWpfRenderer.cs,1413,cs,string-literal,False,
查看需要安装 Microsoft Edge WebView2 点击这里开始下载,BetterGenshinImpact/View/Controls/Webview/WebpagePanel.cs,212,cs,string-literal,False,
简体中文,BetterGenshinImpact/View/Converters/CultureInfoNameToKVPConverter.cs,15,cs,string-literal,False,
繁體中文,BetterGenshinImpact/View/Converters/CultureInfoNameToKVPConverter.cs,16,cs,string-literal,False,
日本語,BetterGenshinImpact/View/Converters/CultureInfoNameToKVPConverter.cs,18,cs,string-literal,False,
每天重复,BetterGenshinImpact/View/Pages/OneDragonFlowPage.xaml.cs,20,cs,string-literal,False,
星期一,BetterGenshinImpact/View/Pages/OneDragonFlowPage.xaml.cs,20,cs,string-literal,False,
星期二,BetterGenshinImpact/View/Pages/OneDragonFlowPage.xaml.cs,20,cs,string-literal,False,
星期三,BetterGenshinImpact/View/Pages/OneDragonFlowPage.xaml.cs,20,cs,string-literal,False,
星期四,BetterGenshinImpact/View/Pages/OneDragonFlowPage.xaml.cs,20,cs,string-literal,False,
星期五,BetterGenshinImpact/View/Pages/OneDragonFlowPage.xaml.cs,20,cs,string-literal,False,
星期六,BetterGenshinImpact/View/Pages/OneDragonFlowPage.xaml.cs,20,cs,string-literal,False,
星期日,BetterGenshinImpact/View/Pages/OneDragonFlowPage.xaml.cs,20,cs,string-literal,False,
没有找到配置组,BetterGenshinImpact/View/Pages/OneDragonFlowPage.xaml.cs,65,cs,string-literal,False,
添加任务组时出错: {ex.Message},BetterGenshinImpact/View/Pages/OneDragonFlowPage.xaml.cs,96,cs,string-literal,False,
每天重复,BetterGenshinImpact/View/Pages/OneDragonFlowPage.xaml.cs,203,cs,string-literal,False,
匹配,BetterGenshinImpact/View/Windows/ArtifactOcrDialog.xaml.cs,77,cs,string-literal,True,
不匹配,BetterGenshinImpact/View/Windows/ArtifactOcrDialog.xaml.cs,77,cs,string-literal,True,
自动分解圣遗物-OCR识别异常,BetterGenshinImpact/View/Windows/ArtifactOcrDialog.xaml.cs,89,cs,string-literal,True,
识别失败,BetterGenshinImpact/View/Windows/ArtifactOcrDialog.xaml.cs,92,cs,string-literal,True,
【国内】直接从 CNB 下载并更新,BetterGenshinImpact/View/Windows/CheckUpdateWindow.xaml.cs,35,cs,string-literal,False,
【国外】直接从 Github 下载并更新,BetterGenshinImpact/View/Windows/CheckUpdateWindow.xaml.cs,35,cs,string-literal,False,
警告,BetterGenshinImpact/View/Windows/CheckUpdateWindow.xaml.cs,157,cs,string-literal,False,
您已选择「Mirror酱」作为更新源,BetterGenshinImpact/View/Windows/CheckUpdateWindow.xaml.cs,188,cs,string-literal,False,
更新程序不存在，请选择其他更新方式！,BetterGenshinImpact/View/Windows/CheckUpdateWindow.xaml.cs,224,cs,ThemedMessageBox,False,
截图失败,BetterGenshinImpact/View/Windows/PictureInPictureWindow.xaml.cs,80,cs,string-literal,True,
左下角按钮,BetterGenshinImpact/View/Windows/PromptDialog.xaml.cs,22,cs,string-literal,False,
仓库更新提示,BetterGenshinImpact/View/Windows/RepoUpdateDialog.xaml.cs,30,cs,string-literal,False,
直接打开 ({_remainingSeconds}s),BetterGenshinImpact/View/Windows/RepoUpdateDialog.xaml.cs,49,cs,string-literal,False,
直接打开 ({_remainingSeconds}s),BetterGenshinImpact/View/Windows/RepoUpdateDialog.xaml.cs,102,cs,string-literal,False,
直接打开,BetterGenshinImpact/View/Windows/RepoUpdateDialog.xaml.cs,107,cs,string-literal,False,
准备更新，请耐心等待...,BetterGenshinImpact/View/Windows/ScriptRepoWindow.xaml.cs,58,cs,string-literal,False,
自定义,BetterGenshinImpact/View/Windows/ScriptRepoWindow.xaml.cs,79,cs,string-literal,False,
自定义,BetterGenshinImpact/View/Windows/ScriptRepoWindow.xaml.cs,106,cs,string-literal,False,
后台正在自动更新订阅脚本...,BetterGenshinImpact/View/Windows/ScriptRepoWindow.xaml.cs,176,cs,string-literal,False,
后台正在自动更新订阅脚本，请等待完成,BetterGenshinImpact/View/Windows/ScriptRepoWindow.xaml.cs,177,cs,string-literal,False,
自定义,BetterGenshinImpact/View/Windows/ScriptRepoWindow.xaml.cs,210,cs,string-literal,False,
自定义,BetterGenshinImpact/View/Windows/ScriptRepoWindow.xaml.cs,244,cs,string-literal,False,
请选择一个脚本仓库更新渠道。,BetterGenshinImpact/View/Windows/ScriptRepoWindow.xaml.cs,255,cs,string-literal,False,
请输入自定义仓库URL。,BetterGenshinImpact/View/Windows/ScriptRepoWindow.xaml.cs,265,cs,string-literal,False,
请修改默认的自定义URL为有效的仓库地址。,BetterGenshinImpact/View/Windows/ScriptRepoWindow.xaml.cs,271,cs,string-literal,False,
请输入有效的URL地址。,BetterGenshinImpact/View/Windows/ScriptRepoWindow.xaml.cs,277,cs,string-literal,False,
正在更新脚本仓库，请耐心等待...,BetterGenshinImpact/View/Windows/ScriptRepoWindow.xaml.cs,284,cs,string-literal,False,
准备更新，请耐心等待...,BetterGenshinImpact/View/Windows/ScriptRepoWindow.xaml.cs,290,cs,string-literal,False,
脚本仓库更新成功，有新内容,BetterGenshinImpact/View/Windows/ScriptRepoWindow.xaml.cs,307,cs,string-literal,False,
脚本仓库已是最新,BetterGenshinImpact/View/Windows/ScriptRepoWindow.xaml.cs,311,cs,string-literal,False,
更新失败，可尝试重置仓库后重新更新。失败原因：{ex.Message},BetterGenshinImpact/View/Windows/ScriptRepoWindow.xaml.cs,316,cs,string-literal,False,
请等待当前更新完成后再进行重置操作。,BetterGenshinImpact/View/Windows/ScriptRepoWindow.xaml.cs,405,cs,string-literal,False,
确定要重置脚本仓库吗？无法正常更新时候可以使用本功能，重置后请重新更新脚本仓库。,BetterGenshinImpact/View/Windows/ScriptRepoWindow.xaml.cs,411,cs,string-literal,False,
确认重置,BetterGenshinImpact/View/Windows/ScriptRepoWindow.xaml.cs,412,cs,string-literal,False,
脚本仓库已重置，请重新更新脚本仓库。,BetterGenshinImpact/View/Windows/ScriptRepoWindow.xaml.cs,421,cs,string-literal,False,
重置失败: {ex.Message},BetterGenshinImpact/View/Windows/ScriptRepoWindow.xaml.cs,425,cs,string-literal,False,
请等待当前操作完成后再进行导入。,BetterGenshinImpact/View/Windows/ScriptRepoWindow.xaml.cs,437,cs,string-literal,False,
选择脚本仓库压缩包,BetterGenshinImpact/View/Windows/ScriptRepoWindow.xaml.cs,445,cs,string-literal,False,
压缩包文件 (*.zip)|*.zip,BetterGenshinImpact/View/Windows/ScriptRepoWindow.xaml.cs,446,cs,string-literal,False,
正在导入脚本仓库，请耐心等待...,BetterGenshinImpact/View/Windows/ScriptRepoWindow.xaml.cs,455,cs,string-literal,False,
脚本仓库导入成功！,BetterGenshinImpact/View/Windows/ScriptRepoWindow.xaml.cs,466,cs,string-literal,False,
导入失败: {ex.Message},BetterGenshinImpact/View/Windows/ScriptRepoWindow.xaml.cs,471,cs,string-literal,False,
请等待当前操作完成后再进行更新。,BetterGenshinImpact/View/Windows/ScriptRepoWindow.xaml.cs,484,cs,string-literal,False,
正在更新订阅脚本...,BetterGenshinImpact/View/Windows/ScriptRepoWindow.xaml.cs,493,cs,string-literal,False,
更新订阅脚本失败: {ex.Message},BetterGenshinImpact/View/Windows/ScriptRepoWindow.xaml.cs,500,cs,string-literal,False,
无法打开链接: {ex.Message},BetterGenshinImpact/View/Windows/ScriptRepoWindow.xaml.cs,526,cs,string-literal,False,
错误,BetterGenshinImpact/View/Windows/ScriptRepoWindow.xaml.cs,526,cs,string-literal,False,
提示,BetterGenshinImpact/View/Windows/ThemedMessageBox.xaml.cs,126,cs,string-literal,False,
提示,BetterGenshinImpact/View/Windows/ThemedMessageBox.xaml.cs,178,cs,string-literal,False,
是,BetterGenshinImpact/View/Windows/ThemedMessageBox.xaml.cs,251,cs,string-literal,False,
否,BetterGenshinImpact/View/Windows/ThemedMessageBox.xaml.cs,253,cs,string-literal,False,
是,BetterGenshinImpact/View/Windows/ThemedMessageBox.xaml.cs,258,cs,string-literal,False,
否,BetterGenshinImpact/View/Windows/ThemedMessageBox.xaml.cs,260,cs,string-literal,False,
错误,BetterGenshinImpact/View/Windows/ThemedMessageBox.xaml.cs,273,cs,string-literal,False,
错误,BetterGenshinImpact/View/Windows/ThemedMessageBox.xaml.cs,279,cs,string-literal,False,
警告,BetterGenshinImpact/View/Windows/ThemedMessageBox.xaml.cs,292,cs,string-literal,False,
警告,BetterGenshinImpact/View/Windows/ThemedMessageBox.xaml.cs,298,cs,string-literal,False,
信息,BetterGenshinImpact/View/Windows/ThemedMessageBox.xaml.cs,311,cs,string-literal,False,
信息,BetterGenshinImpact/View/Windows/ThemedMessageBox.xaml.cs,317,cs,string-literal,False,
成功,BetterGenshinImpact/View/Windows/ThemedMessageBox.xaml.cs,330,cs,string-literal,False,
成功,BetterGenshinImpact/View/Windows/ThemedMessageBox.xaml.cs,336,cs,string-literal,False,
确认,BetterGenshinImpact/View/Windows/ThemedMessageBox.xaml.cs,349,cs,string-literal,False,
BetterGI · 更好的原神 · {Global.Version}{(RuntimeHelper.IsDebug ? ,BetterGenshinImpact/ViewModel/MainWindowViewModel.cs,49,cs,string-literal,False,
主题类型已从 {originalThemeType} 修正为 {themeType}，因为当前系统不支持该主题效果,BetterGenshinImpact/ViewModel/MainWindowViewModel.cs,188,cs,string-literal,False,
检测到运行在 Wine 平台，跳过主题应用,BetterGenshinImpact/ViewModel/MainWindowViewModel.cs,194,cs,string-literal,False,
检测到旧的 BetterGI 配置，是否迁移配置并清理旧目录？,BetterGenshinImpact/ViewModel/MainWindowViewModel.cs,404,cs,ThemedMessageBox,False,
"迁移配置成功, 软件将自动退出，请手动重新启动 BetterGI！",BetterGenshinImpact/ViewModel/MainWindowViewModel.cs,412,cs,ThemedMessageBox,False,
PaddleOcr预热结果:,BetterGenshinImpact/ViewModel/MainWindowViewModel.cs,450,cs,string-literal,True,
获取兑换码是否存在更新失败,BetterGenshinImpact/ViewModel/MainWindowViewModel.cs,552,cs,string-literal,False,
地图服务未就绪,BetterGenshinImpact/ViewModel/MaskMapPointInfoPopupViewModel.cs,88,cs,string-literal,False,
暂无描述,BetterGenshinImpact/ViewModel/MaskMapPointInfoPopupViewModel.cs,95,cs,string-literal,False,
图片加载失败,BetterGenshinImpact/ViewModel/MaskMapPointInfoPopupViewModel.cs,120,cs,string-literal,False,
图片加载失败,BetterGenshinImpact/ViewModel/MaskMapPointInfoPopupViewModel.cs,127,cs,string-literal,False,
加载点位图片失败,BetterGenshinImpact/ViewModel/MaskMapPointInfoPopupViewModel.cs,137,cs,string-literal,False,
图片加载失败,BetterGenshinImpact/ViewModel/MaskMapPointInfoPopupViewModel.cs,138,cs,string-literal,False,
查询地图点位详情失败,BetterGenshinImpact/ViewModel/MaskMapPointInfoPopupViewModel.cs,151,cs,string-literal,False,
查询失败,BetterGenshinImpact/ViewModel/MaskMapPointInfoPopupViewModel.cs,152,cs,string-literal,False,
打开链接失败: {Url},BetterGenshinImpact/ViewModel/MaskMapPointInfoPopupViewModel.cs,324,cs,string-literal,False,
正在加载点位...,BetterGenshinImpact/ViewModel/MaskWindowViewModel.cs,83,cs,string-literal,False,
米游社大地图,BetterGenshinImpact/ViewModel/MaskWindowViewModel.cs,111,cs,string-literal,False,
空荧酒馆,BetterGenshinImpact/ViewModel/MaskWindowViewModel.cs,112,cs,string-literal,False,
切换HoYoLab语言时发生异常,BetterGenshinImpact/ViewModel/MaskWindowViewModel.cs,327,cs,string-literal,False,
切换地图点位来源时发生异常,BetterGenshinImpact/ViewModel/MaskWindowViewModel.cs,351,cs,string-literal,False,
加载地图点位树时发生异常,BetterGenshinImpact/ViewModel/MaskWindowViewModel.cs,573,cs,string-literal,False,
刷新地图点位列表时发生异常,BetterGenshinImpact/ViewModel/MaskWindowViewModel.cs,721,cs,string-literal,False,
加载地图点位图标失败,BetterGenshinImpact/ViewModel/MaskWindowViewModel.cs,866,cs,string-literal,False,
点位 {point.Id},BetterGenshinImpact/ViewModel/MaskWindowViewModel.cs,890,cs,string-literal,False,
无,BetterGenshinImpact/ViewModel/Pages/CommonSettingsPageViewModel.cs,57,cs,string-literal,False,
其他 UTC+08,BetterGenshinImpact/ViewModel/Pages/CommonSettingsPageViewModel.cs,61,cs,string-literal,False,
欧服 UTC+01,BetterGenshinImpact/ViewModel/Pages/CommonSettingsPageViewModel.cs,62,cs,string-literal,False,
美服 UTC-05,BetterGenshinImpact/ViewModel/Pages/CommonSettingsPageViewModel.cs,63,cs,string-literal,False,
当前UI语言为空，无法更新语言文件。,BetterGenshinImpact/ViewModel/Pages/CommonSettingsPageViewModel.cs,100,cs,string-literal,False,
zh-Hans 无语言文件，无需更新。,BetterGenshinImpact/ViewModel/Pages/CommonSettingsPageViewModel.cs,105,cs,ThemedMessageBox,False,
翻译文件不是有效的 JSON 字典。,BetterGenshinImpact/ViewModel/Pages/CommonSettingsPageViewModel.cs,142,cs,string-literal,False,
语言文件不存在：{cultureName}.json,BetterGenshinImpact/ViewModel/Pages/CommonSettingsPageViewModel.cs,156,cs,string-literal,False,
下载语言文件失败：{cultureName}.json,BetterGenshinImpact/ViewModel/Pages/CommonSettingsPageViewModel.cs,160,cs,string-literal,False,
日志分析,BetterGenshinImpact/ViewModel/Pages/CommonSettingsPageViewModel.cs,218,cs,string-literal,False,
重新计算控件位置,BetterGenshinImpact/ViewModel/Pages/CommonSettingsPageViewModel.cs,299,cs,string-literal,False,
选择脚本仓库压缩包,BetterGenshinImpact/ViewModel/Pages/CommonSettingsPageViewModel.cs,388,cs,string-literal,False,
脚本仓库离线包导入成功！,BetterGenshinImpact/ViewModel/Pages/CommonSettingsPageViewModel.cs,398,cs,ThemedMessageBox,False,
脚本仓库离线包导入失败：{ex.Message},BetterGenshinImpact/ViewModel/Pages/CommonSettingsPageViewModel.cs,402,cs,string-literal,False,
警告,BetterGenshinImpact/ViewModel/Pages/CommonSettingsPageViewModel.cs,437,cs,string-literal,False,
图片文件|*.png;*.jpg;*.jpeg;*.bmp;*.gif,BetterGenshinImpact/ViewModel/Pages/CommonSettingsPageViewModel.cs,475,cs,string-literal,False,
选择准星图片,BetterGenshinImpact/ViewModel/Pages/CommonSettingsPageViewModel.cs,476,cs,string-literal,False,
选择的窗体句柄为空,BetterGenshinImpact/ViewModel/Pages/HomePageViewModel.cs,184,cs,ThemedMessageBox,False,
选择的窗体句柄为空！,BetterGenshinImpact/ViewModel/Pages/HomePageViewModel.cs,202,cs,ThemedMessageBox,False,
没有找到原神的安装路径,BetterGenshinImpact/ViewModel/Pages/HomePageViewModel.cs,230,cs,ThemedMessageBox,False,
未找到原神窗口，请先启动原神！,BetterGenshinImpact/ViewModel/Pages/HomePageViewModel.cs,247,cs,ThemedMessageBox,False,
检测到原神 HDR 已开启并已自动关闭。如游戏已在运行，请重启游戏后生效。,BetterGenshinImpact/ViewModel/Pages/HomePageViewModel.cs,269,cs,string-literal,False,
原神启动句柄{hWnd},BetterGenshinImpact/ViewModel/Pages/HomePageViewModel.cs,275,cs,string-literal,False,
触发器触发频率必须大于0,BetterGenshinImpact/ViewModel/Pages/HomePageViewModel.cs,280,cs,ThemedMessageBox,False,
原神|YuanShen.exe;GenshinImpact.exe|可执行文件|*.exe|所有文件|*.*,BetterGenshinImpact/ViewModel/Pages/HomePageViewModel.cs,408,cs,string-literal,False,
启动参数说明,BetterGenshinImpact/ViewModel/Pages/HomePageViewModel.cs,491,cs,string-literal,False,
硬件加速设置,BetterGenshinImpact/ViewModel/Pages/HomePageViewModel.cs,525,cs,string-literal,False,
已加载自定义背景图片,BetterGenshinImpact/ViewModel/Pages/HomePageViewModel.cs,556,cs,string-literal,False,
初始化背景图片失败，使用默认图片,BetterGenshinImpact/ViewModel/Pages/HomePageViewModel.cs,567,cs,string-literal,False,
选择背景图片,BetterGenshinImpact/ViewModel/Pages/HomePageViewModel.cs,579,cs,string-literal,False,
图片文件|*.jpg;*.jpeg;*.png;*.bmp;*.gif|所有文件|*.*,BetterGenshinImpact/ViewModel/Pages/HomePageViewModel.cs,580,cs,string-literal,False,
背景图片更换成功！,BetterGenshinImpact/ViewModel/Pages/HomePageViewModel.cs,608,cs,string-literal,False,
更换背景图片失败,BetterGenshinImpact/ViewModel/Pages/HomePageViewModel.cs,613,cs,string-literal,False,
更换背景图片失败: {ex.Message},BetterGenshinImpact/ViewModel/Pages/HomePageViewModel.cs,614,cs,string-literal,False,
尝试恢复默认背景图片，自定义图片路径: {CustomPath},BetterGenshinImpact/ViewModel/Pages/HomePageViewModel.cs,625,cs,string-literal,False,
已恢复为默认背景图片！,BetterGenshinImpact/ViewModel/Pages/HomePageViewModel.cs,639,cs,string-literal,False,
恢复默认背景图片失败,BetterGenshinImpact/ViewModel/Pages/HomePageViewModel.cs,644,cs,string-literal,False,
已恢复为默认背景图片！但清除自定义图片失败，请手动删除文件。,BetterGenshinImpact/ViewModel/Pages/HomePageViewModel.cs,645,cs,string-literal,False,
{model.FunctionName} 快捷键变更为 {model.HotKey},BetterGenshinImpact/ViewModel/Pages/HotKeyPageViewModel.cs,86,cs,string-literal,False,
{model.FunctionName} 快捷键类型变更为 {model.HotKeyType.ToChineseName()},BetterGenshinImpact/ViewModel/Pages/HotKeyPageViewModel.cs,104,cs,string-literal,False,
"{model.FunctionName}使用{hotKeyId.ToName()}键会与原神键位冲突：

",BetterGenshinImpact/ViewModel/Pages/HotKeyPageViewModel.cs,134,cs,string-literal,False,
"

会导致游戏内动作和 BetterGI 功能同时触发，建议更换为其他按键。是否继续使用？",BetterGenshinImpact/ViewModel/Pages/HotKeyPageViewModel.cs,136,cs,string-literal,False,
快捷键冲突提醒,BetterGenshinImpact/ViewModel/Pages/HotKeyPageViewModel.cs,144,cs,string-literal,False,
向前移动,BetterGenshinImpact/ViewModel/Pages/HotKeyPageViewModel.cs,201,cs,string-literal,False,
向后移动,BetterGenshinImpact/ViewModel/Pages/HotKeyPageViewModel.cs,202,cs,string-literal,False,
向左移动,BetterGenshinImpact/ViewModel/Pages/HotKeyPageViewModel.cs,203,cs,string-literal,False,
向右移动,BetterGenshinImpact/ViewModel/Pages/HotKeyPageViewModel.cs,204,cs,string-literal,False,
切换走/跑；特定操作模式下向下移动,BetterGenshinImpact/ViewModel/Pages/HotKeyPageViewModel.cs,205,cs,string-literal,False,
普通攻击,BetterGenshinImpact/ViewModel/Pages/HotKeyPageViewModel.cs,206,cs,string-literal,False,
元素战技,BetterGenshinImpact/ViewModel/Pages/HotKeyPageViewModel.cs,207,cs,string-literal,False,
元素爆发,BetterGenshinImpact/ViewModel/Pages/HotKeyPageViewModel.cs,208,cs,string-literal,False,
冲刺（键盘）,BetterGenshinImpact/ViewModel/Pages/HotKeyPageViewModel.cs,209,cs,string-literal,False,
冲刺（鼠标）,BetterGenshinImpact/ViewModel/Pages/HotKeyPageViewModel.cs,210,cs,string-literal,False,
切换瞄准模式,BetterGenshinImpact/ViewModel/Pages/HotKeyPageViewModel.cs,211,cs,string-literal,False,
跳跃；特定操作模式下向上移动,BetterGenshinImpact/ViewModel/Pages/HotKeyPageViewModel.cs,212,cs,string-literal,False,
落下,BetterGenshinImpact/ViewModel/Pages/HotKeyPageViewModel.cs,213,cs,string-literal,False,
拾取/交互（自动拾取由AutoPick模块管理）,BetterGenshinImpact/ViewModel/Pages/HotKeyPageViewModel.cs,214,cs,string-literal,False,
快捷使用小道具,BetterGenshinImpact/ViewModel/Pages/HotKeyPageViewModel.cs,215,cs,string-literal,False,
特定玩法内交互操作,BetterGenshinImpact/ViewModel/Pages/HotKeyPageViewModel.cs,216,cs,string-literal,False,
开启任务追踪,BetterGenshinImpact/ViewModel/Pages/HotKeyPageViewModel.cs,217,cs,string-literal,False,
中断挑战,BetterGenshinImpact/ViewModel/Pages/HotKeyPageViewModel.cs,218,cs,string-literal,False,
切换小队角色1,BetterGenshinImpact/ViewModel/Pages/HotKeyPageViewModel.cs,219,cs,string-literal,False,
切换小队角色2,BetterGenshinImpact/ViewModel/Pages/HotKeyPageViewModel.cs,220,cs,string-literal,False,
切换小队角色3,BetterGenshinImpact/ViewModel/Pages/HotKeyPageViewModel.cs,221,cs,string-literal,False,
切换小队角色4,BetterGenshinImpact/ViewModel/Pages/HotKeyPageViewModel.cs,222,cs,string-literal,False,
切换小队角色5,BetterGenshinImpact/ViewModel/Pages/HotKeyPageViewModel.cs,223,cs,string-literal,False,
呼出快捷轮盘,BetterGenshinImpact/ViewModel/Pages/HotKeyPageViewModel.cs,224,cs,string-literal,False,
打开背包,BetterGenshinImpact/ViewModel/Pages/HotKeyPageViewModel.cs,225,cs,string-literal,False,
打开角色界面,BetterGenshinImpact/ViewModel/Pages/HotKeyPageViewModel.cs,226,cs,string-literal,False,
打开地图,BetterGenshinImpact/ViewModel/Pages/HotKeyPageViewModel.cs,227,cs,string-literal,False,
打开派蒙界面,BetterGenshinImpact/ViewModel/Pages/HotKeyPageViewModel.cs,228,cs,string-literal,False,
打开冒险之证界面,BetterGenshinImpact/ViewModel/Pages/HotKeyPageViewModel.cs,229,cs,string-literal,False,
打开多人游戏界面,BetterGenshinImpact/ViewModel/Pages/HotKeyPageViewModel.cs,230,cs,string-literal,False,
打开祈愿界面,BetterGenshinImpact/ViewModel/Pages/HotKeyPageViewModel.cs,231,cs,string-literal,False,
打开纪行界面,BetterGenshinImpact/ViewModel/Pages/HotKeyPageViewModel.cs,232,cs,string-literal,False,
打开活动面板,BetterGenshinImpact/ViewModel/Pages/HotKeyPageViewModel.cs,233,cs,string-literal,False,
打开玩法系统界面（尘歌壶内猫尾酒馆内）,BetterGenshinImpact/ViewModel/Pages/HotKeyPageViewModel.cs,234,cs,string-literal,False,
打开摆设界面（尘歌壶内）,BetterGenshinImpact/ViewModel/Pages/HotKeyPageViewModel.cs,235,cs,string-literal,False,
打开星之归还（条件符合期间生效）,BetterGenshinImpact/ViewModel/Pages/HotKeyPageViewModel.cs,236,cs,string-literal,False,
开关任务菜单,BetterGenshinImpact/ViewModel/Pages/HotKeyPageViewModel.cs,237,cs,string-literal,False,
打开通知详情,BetterGenshinImpact/ViewModel/Pages/HotKeyPageViewModel.cs,238,cs,string-literal,False,
打开聊天界面,BetterGenshinImpact/ViewModel/Pages/HotKeyPageViewModel.cs,239,cs,string-literal,False,
打开特殊环境说明,BetterGenshinImpact/ViewModel/Pages/HotKeyPageViewModel.cs,240,cs,string-literal,False,
查看教程详情,BetterGenshinImpact/ViewModel/Pages/HotKeyPageViewModel.cs,241,cs,string-literal,False,
长按打开元素视野,BetterGenshinImpact/ViewModel/Pages/HotKeyPageViewModel.cs,242,cs,string-literal,False,
呼出鼠标,BetterGenshinImpact/ViewModel/Pages/HotKeyPageViewModel.cs,243,cs,string-literal,False,
打开队伍配置界面,BetterGenshinImpact/ViewModel/Pages/HotKeyPageViewModel.cs,244,cs,string-literal,False,
打开好友界面,BetterGenshinImpact/ViewModel/Pages/HotKeyPageViewModel.cs,245,cs,string-literal,False,
隐藏主界面,BetterGenshinImpact/ViewModel/Pages/HotKeyPageViewModel.cs,246,cs,string-literal,False,
启动停止 BetterGI,BetterGenshinImpact/ViewModel/Pages/HotKeyPageViewModel.cs,329,cs,string-literal,False,
系统控制,BetterGenshinImpact/ViewModel/Pages/HotKeyPageViewModel.cs,338,cs,string-literal,False,
实时任务,BetterGenshinImpact/ViewModel/Pages/HotKeyPageViewModel.cs,343,cs,string-literal,False,
操控辅助,BetterGenshinImpact/ViewModel/Pages/HotKeyPageViewModel.cs,353,cs,string-literal,False,
开发者,BetterGenshinImpact/ViewModel/Pages/HotKeyPageViewModel.cs,358,cs,string-literal,False,
停止当前脚本/独立任务,BetterGenshinImpact/ViewModel/Pages/HotKeyPageViewModel.cs,364,cs,string-literal,False,
检测到您配置的停止快捷键{Key}按下，停止当前执行任务,BetterGenshinImpact/ViewModel/Pages/HotKeyPageViewModel.cs,370,cs,string-literal,False,
暂停当前脚本/独立任务,BetterGenshinImpact/ViewModel/Pages/HotKeyPageViewModel.cs,375,cs,string-literal,False,
游戏截图,BetterGenshinImpact/ViewModel/Pages/HotKeyPageViewModel.cs,382,cs,string-literal,True,
日志，状态窗与指标栏展示开关,BetterGenshinImpact/ViewModel/Pages/HotKeyPageViewModel.cs,391,cs,string-literal,False,
自动拾取开关,BetterGenshinImpact/ViewModel/Pages/HotKeyPageViewModel.cs,406,cs,string-literal,False,
自动剧情开关,BetterGenshinImpact/ViewModel/Pages/HotKeyPageViewModel.cs,419,cs,string-literal,False,
自动邀约开关,BetterGenshinImpact/ViewModel/Pages/HotKeyPageViewModel.cs,432,cs,string-literal,False,
自动钓鱼开关,BetterGenshinImpact/ViewModel/Pages/HotKeyPageViewModel.cs,444,cs,string-literal,False,
自动钓鱼,BetterGenshinImpact/ViewModel/Pages/HotKeyPageViewModel.cs,451,cs,string-literal,False,
快速传送开关,BetterGenshinImpact/ViewModel/Pages/HotKeyPageViewModel.cs,457,cs,string-literal,False,
冷却提示开关,BetterGenshinImpact/ViewModel/Pages/HotKeyPageViewModel.cs,470,cs,string-literal,False,
冷却提示,BetterGenshinImpact/ViewModel/Pages/HotKeyPageViewModel.cs,477,cs,string-literal,False,
手动触发快速传送触发快捷键（按住起效）,BetterGenshinImpact/ViewModel/Pages/HotKeyPageViewModel.cs,483,cs,string-literal,False,
地图遮罩开关,BetterGenshinImpact/ViewModel/Pages/HotKeyPageViewModel.cs,493,cs,string-literal,False,
长按旋转视角 - 那维莱特转圈,BetterGenshinImpact/ViewModel/Pages/HotKeyPageViewModel.cs,506,cs,string-literal,False,
按下快速强化圣遗物,BetterGenshinImpact/ViewModel/Pages/HotKeyPageViewModel.cs,516,cs,string-literal,False,
按下快速购买商店物品,BetterGenshinImpact/ViewModel/Pages/HotKeyPageViewModel.cs,526,cs,string-literal,False,
一键领取奖励,BetterGenshinImpact/ViewModel/Pages/HotKeyPageViewModel.cs,535,cs,string-literal,False,
按下快速进出尘歌壶,BetterGenshinImpact/ViewModel/Pages/HotKeyPageViewModel.cs,547,cs,string-literal,False,
启动/停止一条龙,BetterGenshinImpact/ViewModel/Pages/HotKeyPageViewModel.cs,555,cs,string-literal,False,
启动/停止自动七圣召唤,BetterGenshinImpact/ViewModel/Pages/HotKeyPageViewModel.cs,563,cs,string-literal,False,
启动/停止自动伐木,BetterGenshinImpact/ViewModel/Pages/HotKeyPageViewModel.cs,571,cs,string-literal,False,
启动/停止自动战斗,BetterGenshinImpact/ViewModel/Pages/HotKeyPageViewModel.cs,579,cs,string-literal,False,
启动/停止自动秘境,BetterGenshinImpact/ViewModel/Pages/HotKeyPageViewModel.cs,587,cs,string-literal,False,
启动/停止自动音游,BetterGenshinImpact/ViewModel/Pages/HotKeyPageViewModel.cs,594,cs,string-literal,False,
启动/停止自动钓鱼,BetterGenshinImpact/ViewModel/Pages/HotKeyPageViewModel.cs,601,cs,string-literal,False,
启动/停止自动烹饪,BetterGenshinImpact/ViewModel/Pages/HotKeyPageViewModel.cs,608,cs,string-literal,False,
快捷点击原神内确认按钮,BetterGenshinImpact/ViewModel/Pages/HotKeyPageViewModel.cs,616,cs,string-literal,False,
触发快捷点击原神内{Btn}按钮：成功,BetterGenshinImpact/ViewModel/Pages/HotKeyPageViewModel.cs,624,cs,string-literal,False,
确认,BetterGenshinImpact/ViewModel/Pages/HotKeyPageViewModel.cs,624,cs,string-literal,False,
触发快捷点击原神内{Btn}按钮：未找到按钮图片,BetterGenshinImpact/ViewModel/Pages/HotKeyPageViewModel.cs,628,cs,string-literal,False,
确认,BetterGenshinImpact/ViewModel/Pages/HotKeyPageViewModel.cs,628,cs,string-literal,False,
快捷点击原神内取消按钮,BetterGenshinImpact/ViewModel/Pages/HotKeyPageViewModel.cs,635,cs,string-literal,False,
触发快捷点击原神内{Btn}按钮：成功,BetterGenshinImpact/ViewModel/Pages/HotKeyPageViewModel.cs,643,cs,string-literal,False,
触发快捷点击原神内{Btn}按钮：未找到按钮图片,BetterGenshinImpact/ViewModel/Pages/HotKeyPageViewModel.cs,647,cs,string-literal,False,
一键战斗宏快捷键,BetterGenshinImpact/ViewModel/Pages/HotKeyPageViewModel.cs,654,cs,string-literal,False,
启动/停止键鼠录制,BetterGenshinImpact/ViewModel/Pages/HotKeyPageViewModel.cs,666,cs,string-literal,False,
无法找到 KeyMouseRecordPageViewModel 单例对象！,BetterGenshinImpact/ViewModel/Pages/HotKeyPageViewModel.cs,674,cs,string-literal,False,
（开发）获取当前大地图中心点位置,BetterGenshinImpact/ViewModel/Pages/HotKeyPageViewModel.cs,691,cs,string-literal,False,
大地图位置：{Position},BetterGenshinImpact/ViewModel/Pages/HotKeyPageViewModel.cs,698,cs,string-literal,False,
启动/停止路径记录器,BetterGenshinImpact/ViewModel/Pages/HotKeyPageViewModel.cs,706,cs,string-literal,False,
添加路径点,BetterGenshinImpact/ViewModel/Pages/HotKeyPageViewModel.cs,726,cs,string-literal,False,
内部测试,BetterGenshinImpact/ViewModel/Pages/HotKeyPageViewModel.cs,744,cs,string-literal,False,
（测试）测试,BetterGenshinImpact/ViewModel/Pages/HotKeyPageViewModel.cs,779,cs,string-literal,False,
（测试）测试2,BetterGenshinImpact/ViewModel/Pages/HotKeyPageViewModel.cs,790,cs,string-literal,False,
（测试）播放内存中的路径,BetterGenshinImpact/ViewModel/Pages/HotKeyPageViewModel.cs,806,cs,string-literal,False,
脚本 {f.Name} 载入失败：{e.Message},BetterGenshinImpact/ViewModel/Pages/JsListViewModel.cs,82,cs,string-literal,False,
此脚本存在配置，不配置可能无法正常运行，建议请添加至【调度器】，并右键修改配置后使用！,BetterGenshinImpact/ViewModel/Pages/JsListViewModel.cs,126,cs,string-literal,False,
此脚本存在配置，可能无法直接从脚本界面运行，建议请添加至【调度器】，并右键修改配置后使用！,BetterGenshinImpact/ViewModel/Pages/JsListViewModel.cs,127,cs,string-literal,False,
删除确认,BetterGenshinImpact/ViewModel/Pages/JsListViewModel.cs,150,cs,string-literal,False,
已删除脚本: {item.Manifest.Name},BetterGenshinImpact/ViewModel/Pages/JsListViewModel.cs,167,cs,string-literal,False,
已删除脚本: {Name} ({Path}),BetterGenshinImpact/ViewModel/Pages/JsListViewModel.cs,168,cs,string-literal,False,
脚本目录不存在,BetterGenshinImpact/ViewModel/Pages/JsListViewModel.cs,175,cs,string-literal,False,
删除脚本失败: {ex.Message},BetterGenshinImpact/ViewModel/Pages/JsListViewModel.cs,180,cs,string-literal,False,
删除脚本失败,BetterGenshinImpact/ViewModel/Pages/JsListViewModel.cs,181,cs,string-literal,False,
版本: {scriptProject.Manifest.Version},BetterGenshinImpact/ViewModel/Pages/JsListViewModel.cs,308,cs,string-literal,False,
动作,BetterGenshinImpact/ViewModel/Pages/KeyBindingsSettingsPageViewModel.cs,111,cs,string-literal,False,
菜单,BetterGenshinImpact/ViewModel/Pages/KeyBindingsSettingsPageViewModel.cs,114,cs,string-literal,False,
向前移动,BetterGenshinImpact/ViewModel/Pages/KeyBindingsSettingsPageViewModel.cs,118,cs,string-literal,False,
向后移动,BetterGenshinImpact/ViewModel/Pages/KeyBindingsSettingsPageViewModel.cs,123,cs,string-literal,False,
向左移动,BetterGenshinImpact/ViewModel/Pages/KeyBindingsSettingsPageViewModel.cs,128,cs,string-literal,False,
向右移动,BetterGenshinImpact/ViewModel/Pages/KeyBindingsSettingsPageViewModel.cs,133,cs,string-literal,False,
切换走/跑；特定操作模式下向下移动,BetterGenshinImpact/ViewModel/Pages/KeyBindingsSettingsPageViewModel.cs,138,cs,string-literal,False,
普通攻击,BetterGenshinImpact/ViewModel/Pages/KeyBindingsSettingsPageViewModel.cs,143,cs,string-literal,False,
元素战技,BetterGenshinImpact/ViewModel/Pages/KeyBindingsSettingsPageViewModel.cs,148,cs,string-literal,False,
元素爆发,BetterGenshinImpact/ViewModel/Pages/KeyBindingsSettingsPageViewModel.cs,153,cs,string-literal,False,
冲刺（键盘）,BetterGenshinImpact/ViewModel/Pages/KeyBindingsSettingsPageViewModel.cs,158,cs,string-literal,False,
冲刺（鼠标）,BetterGenshinImpact/ViewModel/Pages/KeyBindingsSettingsPageViewModel.cs,163,cs,string-literal,False,
切换瞄准模式,BetterGenshinImpact/ViewModel/Pages/KeyBindingsSettingsPageViewModel.cs,168,cs,string-literal,False,
跳跃；特定操作模式下向上移动,BetterGenshinImpact/ViewModel/Pages/KeyBindingsSettingsPageViewModel.cs,173,cs,string-literal,False,
落下,BetterGenshinImpact/ViewModel/Pages/KeyBindingsSettingsPageViewModel.cs,178,cs,string-literal,False,
拾取/交互（自动拾取由AutoPick模块管理）,BetterGenshinImpact/ViewModel/Pages/KeyBindingsSettingsPageViewModel.cs,183,cs,string-literal,False,
快捷使用小道具,BetterGenshinImpact/ViewModel/Pages/KeyBindingsSettingsPageViewModel.cs,188,cs,string-literal,False,
特定玩法内交互操作,BetterGenshinImpact/ViewModel/Pages/KeyBindingsSettingsPageViewModel.cs,193,cs,string-literal,False,
开启任务追踪,BetterGenshinImpact/ViewModel/Pages/KeyBindingsSettingsPageViewModel.cs,198,cs,string-literal,False,
中断挑战,BetterGenshinImpact/ViewModel/Pages/KeyBindingsSettingsPageViewModel.cs,203,cs,string-literal,False,
切换小队角色1,BetterGenshinImpact/ViewModel/Pages/KeyBindingsSettingsPageViewModel.cs,208,cs,string-literal,False,
切换小队角色2,BetterGenshinImpact/ViewModel/Pages/KeyBindingsSettingsPageViewModel.cs,213,cs,string-literal,False,
切换小队角色3,BetterGenshinImpact/ViewModel/Pages/KeyBindingsSettingsPageViewModel.cs,218,cs,string-literal,False,
切换小队角色4,BetterGenshinImpact/ViewModel/Pages/KeyBindingsSettingsPageViewModel.cs,223,cs,string-literal,False,
切换小队角色5,BetterGenshinImpact/ViewModel/Pages/KeyBindingsSettingsPageViewModel.cs,228,cs,string-literal,False,
呼出快捷轮盘,BetterGenshinImpact/ViewModel/Pages/KeyBindingsSettingsPageViewModel.cs,233,cs,string-literal,False,
打开背包,BetterGenshinImpact/ViewModel/Pages/KeyBindingsSettingsPageViewModel.cs,240,cs,string-literal,False,
打开角色界面,BetterGenshinImpact/ViewModel/Pages/KeyBindingsSettingsPageViewModel.cs,245,cs,string-literal,False,
打开地图,BetterGenshinImpact/ViewModel/Pages/KeyBindingsSettingsPageViewModel.cs,250,cs,string-literal,False,
打开派蒙界面,BetterGenshinImpact/ViewModel/Pages/KeyBindingsSettingsPageViewModel.cs,255,cs,string-literal,False,
打开冒险之证界面,BetterGenshinImpact/ViewModel/Pages/KeyBindingsSettingsPageViewModel.cs,260,cs,string-literal,False,
打开多人游戏界面,BetterGenshinImpact/ViewModel/Pages/KeyBindingsSettingsPageViewModel.cs,265,cs,string-literal,False,
打开祈愿界面,BetterGenshinImpact/ViewModel/Pages/KeyBindingsSettingsPageViewModel.cs,270,cs,string-literal,False,
打开纪行界面,BetterGenshinImpact/ViewModel/Pages/KeyBindingsSettingsPageViewModel.cs,275,cs,string-literal,False,
打开活动面板,BetterGenshinImpact/ViewModel/Pages/KeyBindingsSettingsPageViewModel.cs,280,cs,string-literal,False,
打开玩法系统界面（尘歌壶内猫尾酒馆内）,BetterGenshinImpact/ViewModel/Pages/KeyBindingsSettingsPageViewModel.cs,285,cs,string-literal,False,
打开摆设界面（尘歌壶内）,BetterGenshinImpact/ViewModel/Pages/KeyBindingsSettingsPageViewModel.cs,290,cs,string-literal,False,
打开星之归还（条件符合期间生效）,BetterGenshinImpact/ViewModel/Pages/KeyBindingsSettingsPageViewModel.cs,295,cs,string-literal,False,
开关任务菜单,BetterGenshinImpact/ViewModel/Pages/KeyBindingsSettingsPageViewModel.cs,300,cs,string-literal,False,
打开通知详情,BetterGenshinImpact/ViewModel/Pages/KeyBindingsSettingsPageViewModel.cs,305,cs,string-literal,False,
打开聊天界面,BetterGenshinImpact/ViewModel/Pages/KeyBindingsSettingsPageViewModel.cs,310,cs,string-literal,False,
打开特殊环境说明,BetterGenshinImpact/ViewModel/Pages/KeyBindingsSettingsPageViewModel.cs,315,cs,string-literal,False,
查看教程详情,BetterGenshinImpact/ViewModel/Pages/KeyBindingsSettingsPageViewModel.cs,320,cs,string-literal,False,
长按打开元素视野,BetterGenshinImpact/ViewModel/Pages/KeyBindingsSettingsPageViewModel.cs,325,cs,string-literal,False,
呼出鼠标,BetterGenshinImpact/ViewModel/Pages/KeyBindingsSettingsPageViewModel.cs,330,cs,string-literal,False,
打开队伍配置界面,BetterGenshinImpact/ViewModel/Pages/KeyBindingsSettingsPageViewModel.cs,335,cs,string-literal,False,
打开好友界面,BetterGenshinImpact/ViewModel/Pages/KeyBindingsSettingsPageViewModel.cs,340,cs,string-literal,False,
隐藏主界面,BetterGenshinImpact/ViewModel/Pages/KeyBindingsSettingsPageViewModel.cs,345,cs,string-literal,False,
请先在启动页，启动截图器再使用本功能,BetterGenshinImpact/ViewModel/Pages/KeyMouseRecordPageViewModel.cs,86,cs,string-literal,True,
停止录制时发生异常,BetterGenshinImpact/ViewModel/Pages/KeyMouseRecordPageViewModel.cs,112,cs,string-literal,False,
重放开始：{Name},BetterGenshinImpact/ViewModel/Pages/KeyMouseRecordPageViewModel.cs,122,cs,string-literal,False,
重放脚本时发生异常,BetterGenshinImpact/ViewModel/Pages/KeyMouseRecordPageViewModel.cs,132,cs,string-literal,False,
重放结束：{Name},BetterGenshinImpact/ViewModel/Pages/KeyMouseRecordPageViewModel.cs,136,cs,string-literal,False,
请输入要修改为的名称（实际就是文件名）,BetterGenshinImpact/ViewModel/Pages/KeyMouseRecordPageViewModel.cs,155,cs,string-literal,False,
修改名称成功,BetterGenshinImpact/ViewModel/Pages/KeyMouseRecordPageViewModel.cs,165,cs,string-literal,False,
脚本名称 {item.Name} 修改为 {str},BetterGenshinImpact/ViewModel/Pages/KeyMouseRecordPageViewModel.cs,166,cs,string-literal,False,
修改失败,BetterGenshinImpact/ViewModel/Pages/KeyMouseRecordPageViewModel.cs,177,cs,string-literal,False,
{item.Name} 修改失败,BetterGenshinImpact/ViewModel/Pages/KeyMouseRecordPageViewModel.cs,178,cs,string-literal,False,
删除成功,BetterGenshinImpact/ViewModel/Pages/KeyMouseRecordPageViewModel.cs,201,cs,string-literal,False,
{item.Name} 已经被删除,BetterGenshinImpact/ViewModel/Pages/KeyMouseRecordPageViewModel.cs,202,cs,string-literal,False,
删除失败,BetterGenshinImpact/ViewModel/Pages/KeyMouseRecordPageViewModel.cs,211,cs,string-literal,False,
{item.Name} 删除失败,BetterGenshinImpact/ViewModel/Pages/KeyMouseRecordPageViewModel.cs,212,cs,string-literal,False,
执行多个地图追踪任务的时候，请使用调度器功能,BetterGenshinImpact/ViewModel/Pages/MapPathingViewModel.cs,141,cs,string-literal,False,
无法删除：路径无效,BetterGenshinImpact/ViewModel/Pages/MapPathingViewModel.cs,215,cs,string-literal,False,
文件夹,BetterGenshinImpact/ViewModel/Pages/MapPathingViewModel.cs,220,cs,string-literal,False,
文件,BetterGenshinImpact/ViewModel/Pages/MapPathingViewModel.cs,220,cs,string-literal,False,
未知项目,BetterGenshinImpact/ViewModel/Pages/MapPathingViewModel.cs,221,cs,string-literal,False,
删除确认,BetterGenshinImpact/ViewModel/Pages/MapPathingViewModel.cs,226,cs,string-literal,False,
已删除文件夹: {itemName},BetterGenshinImpact/ViewModel/Pages/MapPathingViewModel.cs,245,cs,string-literal,False,
已删除地图追踪文件夹: {Name} ({Path}),BetterGenshinImpact/ViewModel/Pages/MapPathingViewModel.cs,246,cs,string-literal,False,
文件夹不存在,BetterGenshinImpact/ViewModel/Pages/MapPathingViewModel.cs,250,cs,string-literal,False,
已删除文件: {itemName},BetterGenshinImpact/ViewModel/Pages/MapPathingViewModel.cs,259,cs,string-literal,False,
已删除地图追踪文件: {Name} ({Path}),BetterGenshinImpact/ViewModel/Pages/MapPathingViewModel.cs,260,cs,string-literal,False,
文件不存在,BetterGenshinImpact/ViewModel/Pages/MapPathingViewModel.cs,264,cs,string-literal,False,
删除失败: {ex.Message},BetterGenshinImpact/ViewModel/Pages/MapPathingViewModel.cs,273,cs,string-literal,False,
删除地图追踪项失败,BetterGenshinImpact/ViewModel/Pages/MapPathingViewModel.cs,274,cs,string-literal,False,
读取文件信息时出错: {ex.Message},BetterGenshinImpact/ViewModel/Pages/MapPathingViewModel.cs,422,cs,string-literal,False,
这是一个目录，包含多个地图追踪任务。,BetterGenshinImpact/ViewModel/Pages/MapPathingViewModel.cs,443,cs,string-literal,False,
包含 {node.Children.Count} 个子项,BetterGenshinImpact/ViewModel/Pages/MapPathingViewModel.cs,453,cs,string-literal,False,
当前版本没有可配置的通知事件,BetterGenshinImpact/ViewModel/Pages/NotificationSettingsPageViewModel.cs,204,cs,string-literal,False,
检测到 {unknownEventCodeCount} 个未知事件代码，当前未显示；修改后会自动清理。未勾选任何事件时按“全部通知”处理,BetterGenshinImpact/ViewModel/Pages/NotificationSettingsPageViewModel.cs,212,cs,string-literal,False,
已选择 {selectedCount} / {NotificationEventOptions.Count} 个事件；另有 {unknownEventCodeCount} 个未知事件代码，修改后会自动清理,BetterGenshinImpact/ViewModel/Pages/NotificationSettingsPageViewModel.cs,213,cs,string-literal,False,
当前未勾选任何事件，将按“全部通知”处理,BetterGenshinImpact/ViewModel/Pages/NotificationSettingsPageViewModel.cs,218,cs,string-literal,False,
已选择 {selectedCount} / {NotificationEventOptions.Count} 个事件,BetterGenshinImpact/ViewModel/Pages/NotificationSettingsPageViewModel.cs,219,cs,string-literal,False,
自动首领讨伐,BetterGenshinImpact/ViewModel/Pages/OneDragonFlowViewModel.cs,48,cs,string-literal,False,
自动地脉花,BetterGenshinImpact/ViewModel/Pages/OneDragonFlowViewModel.cs,50,cs,string-literal,False,
自动首领讨伐,BetterGenshinImpact/ViewModel/Pages/OneDragonFlowViewModel.cs,82,cs,string-literal,False,
自动地脉花,BetterGenshinImpact/ViewModel/Pages/OneDragonFlowViewModel.cs,84,cs,string-literal,False,
读取配置组配置时失败,BetterGenshinImpact/ViewModel/Pages/OneDragonFlowViewModel.cs,132,cs,string-literal,False,
读取配置组配置时失败,BetterGenshinImpact/ViewModel/Pages/OneDragonFlowViewModel.cs,140,cs,string-literal,False,
一条龙任务添加成功,BetterGenshinImpact/ViewModel/Pages/OneDragonFlowViewModel.cs,194,cs,string-literal,False,
配置组添加成功,BetterGenshinImpact/ViewModel/Pages/OneDragonFlowViewModel.cs,202,cs,string-literal,False,
 个任务添加成功,BetterGenshinImpact/ViewModel/Pages/OneDragonFlowViewModel.cs,208,cs,string-literal,False,
无,BetterGenshinImpact/ViewModel/Pages/OneDragonFlowViewModel.cs,226,cs,string-literal,False,
关闭游戏,BetterGenshinImpact/ViewModel/Pages/OneDragonFlowViewModel.cs,226,cs,string-literal,False,
关闭软件,BetterGenshinImpact/ViewModel/Pages/OneDragonFlowViewModel.cs,226,cs,string-literal,False,
关闭游戏和软件,BetterGenshinImpact/ViewModel/Pages/OneDragonFlowViewModel.cs,226,cs,string-literal,False,
关机,BetterGenshinImpact/ViewModel/Pages/OneDragonFlowViewModel.cs,226,cs,string-literal,False,
地图传送,BetterGenshinImpact/ViewModel/Pages/OneDragonFlowViewModel.cs,234,cs,string-literal,False,
尘歌壶道具,BetterGenshinImpact/ViewModel/Pages/OneDragonFlowViewModel.cs,234,cs,string-literal,False,
默认配置,BetterGenshinImpact/ViewModel/Pages/OneDragonFlowViewModel.cs,324,cs,string-literal,False,
请先选择配置组和任务,BetterGenshinImpact/ViewModel/Pages/OneDragonFlowViewModel.cs,390,cs,string-literal,False,
已经删除,BetterGenshinImpact/ViewModel/Pages/OneDragonFlowViewModel.cs,398,cs,string-literal,False,
排序已保存,BetterGenshinImpact/ViewModel/Pages/OneDragonFlowViewModel.cs,444,cs,string-literal,False,
保存配置时失败,BetterGenshinImpact/ViewModel/Pages/OneDragonFlowViewModel.cs,498,cs,string-literal,False,
保存配置时失败,BetterGenshinImpact/ViewModel/Pages/OneDragonFlowViewModel.cs,499,cs,string-literal,False,
参数指定的一条龙配置：{cmdOptions.OneDragonConfigName},BetterGenshinImpact/ViewModel/Pages/OneDragonFlowViewModel.cs,522,cs,string-literal,False,
未找到，请检查。,BetterGenshinImpact/ViewModel/Pages/OneDragonFlowViewModel.cs,534,cs,string-literal,False,
命令行一条龙「{SelectedConfig.Name}」。,BetterGenshinImpact/ViewModel/Pages/OneDragonFlowViewModel.cs,538,cs,string-literal,False,
启用一条龙配置：{SelectedConfig.Name},BetterGenshinImpact/ViewModel/Pages/OneDragonFlowViewModel.cs,546,cs,string-literal,False,
一条龙：任务将从 {Name} 开始执行,BetterGenshinImpact/ViewModel/Pages/OneDragonFlowViewModel.cs,559,cs,string-literal,False,
一条龙：未找到标记的任务，将从头开始执行,BetterGenshinImpact/ViewModel/Pages/OneDragonFlowViewModel.cs,564,cs,string-literal,False,
启用任务总数量: {enabledTaskCountall},BetterGenshinImpact/ViewModel/Pages/OneDragonFlowViewModel.cs,578,cs,string-literal,False,
请先选择任务,BetterGenshinImpact/ViewModel/Pages/OneDragonFlowViewModel.cs,588,cs,string-literal,False,
"没有配置,退出执行!",BetterGenshinImpact/ViewModel/Pages/OneDragonFlowViewModel.cs,589,cs,string-literal,False,
启用一条龙任务的数量: {enabledoneTaskCount},BetterGenshinImpact/ViewModel/Pages/OneDragonFlowViewModel.cs,594,cs,string-literal,False,
一条龙在启动阶段被取消,BetterGenshinImpact/ViewModel/Pages/OneDragonFlowViewModel.cs,599,cs,string-literal,False,
启用配置组任务的数量: {enabledTaskCount},BetterGenshinImpact/ViewModel/Pages/OneDragonFlowViewModel.cs,606,cs,string-literal,False,
没有一条龙任务!,BetterGenshinImpact/ViewModel/Pages/OneDragonFlowViewModel.cs,610,cs,string-literal,False,
一条龙启动,BetterGenshinImpact/ViewModel/Pages/OneDragonFlowViewModel.cs,613,cs,string-literal,False,
"没有配置组任务,退出执行!",BetterGenshinImpact/ViewModel/Pages/OneDragonFlowViewModel.cs,633,cs,string-literal,False,
配置组任务启动,BetterGenshinImpact/ViewModel/Pages/OneDragonFlowViewModel.cs,637,cs,string-literal,False,
执行配置组任务时失败,BetterGenshinImpact/ViewModel/Pages/OneDragonFlowViewModel.cs,652,cs,string-literal,False,
执行配置组任务时失败,BetterGenshinImpact/ViewModel/Pages/OneDragonFlowViewModel.cs,653,cs,string-literal,False,
任务被取消，退出执行,BetterGenshinImpact/ViewModel/Pages/OneDragonFlowViewModel.cs,659,cs,string-literal,False,
一条龙和配置组任务结束,BetterGenshinImpact/ViewModel/Pages/OneDragonFlowViewModel.cs,662,cs,string-literal,False,
一条龙和配置组任务结束,BetterGenshinImpact/ViewModel/Pages/OneDragonFlowViewModel.cs,676,cs,string-literal,False,
一条龙和配置组任务结束,BetterGenshinImpact/ViewModel/Pages/OneDragonFlowViewModel.cs,678,cs,string-literal,False,
关闭游戏,BetterGenshinImpact/ViewModel/Pages/OneDragonFlowViewModel.cs,685,cs,string-literal,False,
关闭软件,BetterGenshinImpact/ViewModel/Pages/OneDragonFlowViewModel.cs,688,cs,string-literal,False,
关闭游戏和软件,BetterGenshinImpact/ViewModel/Pages/OneDragonFlowViewModel.cs,691,cs,string-literal,False,
关机,BetterGenshinImpact/ViewModel/Pages/OneDragonFlowViewModel.cs,695,cs,string-literal,False,
已复制任务: {taskItem.Name},BetterGenshinImpact/ViewModel/Pages/OneDragonFlowViewModel.cs,737,cs,string-literal,False,
已删除任务: {taskItem.Name},BetterGenshinImpact/ViewModel/Pages/OneDragonFlowViewModel.cs,747,cs,string-literal,False,
请先选择一条龙配置单,BetterGenshinImpact/ViewModel/Pages/OneDragonFlowViewModel.cs,756,cs,string-literal,False,
当前任务 <{taskItem.Name}> 已禁用，请先启用后再从此开始执行,BetterGenshinImpact/ViewModel/Pages/OneDragonFlowViewModel.cs,761,cs,string-literal,False,
设置从 <{taskItem.Name}> 开始执行任务列表,BetterGenshinImpact/ViewModel/Pages/OneDragonFlowViewModel.cs,770,cs,string-literal,False,
请先选择一条龙配置单,BetterGenshinImpact/ViewModel/Pages/OneDragonFlowViewModel.cs,787,cs,string-literal,False,
请先选择要从此开始执行的任务,BetterGenshinImpact/ViewModel/Pages/OneDragonFlowViewModel.cs,794,cs,string-literal,False,
当前任务 <{currentTask.Name}> 已禁用，请先启用后再从此开始执行,BetterGenshinImpact/ViewModel/Pages/OneDragonFlowViewModel.cs,799,cs,string-literal,False,
设置从 <{currentTask.Name}> 开始执行任务列表,BetterGenshinImpact/ViewModel/Pages/OneDragonFlowViewModel.cs,808,cs,string-literal,False,
请先选择一条龙配置单,BetterGenshinImpact/ViewModel/Pages/OneDragonFlowViewModel.cs,817,cs,string-literal,False,
清除从此执行标记完成,BetterGenshinImpact/ViewModel/Pages/OneDragonFlowViewModel.cs,826,cs,string-literal,False,
请输入一条龙配置名称,BetterGenshinImpact/ViewModel/Pages/OneDragonFlowViewModel.cs,834,cs,string-literal,False,
新增一条龙配置,BetterGenshinImpact/ViewModel/Pages/OneDragonFlowViewModel.cs,834,cs,string-literal,False,
一条龙配置 {str} 已经存在，请勿重复添加,BetterGenshinImpact/ViewModel/Pages/OneDragonFlowViewModel.cs,840,cs,string-literal,False,
请先选择要删除的配置,BetterGenshinImpact/ViewModel/Pages/OneDragonFlowViewModel.cs,858,cs,string-literal,False,
确定要删除配置「{displayName}」吗？,BetterGenshinImpact/ViewModel/Pages/OneDragonFlowViewModel.cs,866,cs,string-literal,False,
默认配置,BetterGenshinImpact/ViewModel/Pages/OneDragonFlowViewModel.cs,892,cs,string-literal,False,
配置删除成功,BetterGenshinImpact/ViewModel/Pages/OneDragonFlowViewModel.cs,915,cs,string-literal,False,
删除配置时失败,BetterGenshinImpact/ViewModel/Pages/OneDragonFlowViewModel.cs,919,cs,string-literal,False,
删除配置时失败,BetterGenshinImpact/ViewModel/Pages/OneDragonFlowViewModel.cs,920,cs,string-literal,False,
请先选择要重命名的配置,BetterGenshinImpact/ViewModel/Pages/OneDragonFlowViewModel.cs,929,cs,string-literal,False,
请输入新的配置名称,BetterGenshinImpact/ViewModel/Pages/OneDragonFlowViewModel.cs,933,cs,string-literal,False,
重命名配置,BetterGenshinImpact/ViewModel/Pages/OneDragonFlowViewModel.cs,933,cs,string-literal,False,
配置名称「{newName}」已存在，请使用其他名称,BetterGenshinImpact/ViewModel/Pages/OneDragonFlowViewModel.cs,946,cs,string-literal,False,
配置重命名成功,BetterGenshinImpact/ViewModel/Pages/OneDragonFlowViewModel.cs,971,cs,string-literal,False,
重命名配置时失败,BetterGenshinImpact/ViewModel/Pages/OneDragonFlowViewModel.cs,975,cs,string-literal,False,
重命名配置时失败,BetterGenshinImpact/ViewModel/Pages/OneDragonFlowViewModel.cs,976,cs,string-literal,False,
请输入配置组名称,BetterGenshinImpact/ViewModel/Pages/ScriptControlViewModel.cs,99,cs,string-literal,False,
配置组已存在,BetterGenshinImpact/ViewModel/Pages/ScriptControlViewModel.cs,106,cs,string-literal,False,
配置组 {str} 已经存在，请勿重复添加,BetterGenshinImpact/ViewModel/Pages/ScriptControlViewModel.cs,107,cs,string-literal,False,
是否清空所有任务？,BetterGenshinImpact/ViewModel/Pages/ScriptControlViewModel.cs,124,cs,ThemedMessageBox,False,
清空任务,BetterGenshinImpact/ViewModel/Pages/ScriptControlViewModel.cs,124,cs,string-literal,False,
当前配置组,BetterGenshinImpact/ViewModel/Pages/ScriptControlViewModel.cs,186,cs,string-literal,False,
所有,BetterGenshinImpact/ViewModel/Pages/ScriptControlViewModel.cs,187,cs,string-literal,False,
1天,BetterGenshinImpact/ViewModel/Pages/ScriptControlViewModel.cs,205,cs,string-literal,False,
3天,BetterGenshinImpact/ViewModel/Pages/ScriptControlViewModel.cs,206,cs,string-literal,False,
7天,BetterGenshinImpact/ViewModel/Pages/ScriptControlViewModel.cs,207,cs,string-literal,False,
15天,BetterGenshinImpact/ViewModel/Pages/ScriptControlViewModel.cs,208,cs,string-literal,False,
31天,BetterGenshinImpact/ViewModel/Pages/ScriptControlViewModel.cs,209,cs,string-literal,False,
61天,BetterGenshinImpact/ViewModel/Pages/ScriptControlViewModel.cs,210,cs,string-literal,False,
92天,BetterGenshinImpact/ViewModel/Pages/ScriptControlViewModel.cs,211,cs,string-literal,False,
所有,BetterGenshinImpact/ViewModel/Pages/ScriptControlViewModel.cs,212,cs,string-literal,False,
合并相邻同名配置组,BetterGenshinImpact/ViewModel/Pages/ScriptControlViewModel.cs,222,cs,string-literal,False,
异常情况统计,BetterGenshinImpact/ViewModel/Pages/ScriptControlViewModel.cs,230,cs,string-literal,False,
统计锄地摩拉怪物数,BetterGenshinImpact/ViewModel/Pages/ScriptControlViewModel.cs,238,cs,string-literal,False,
生成锄地规划数据,BetterGenshinImpact/ViewModel/Pages/ScriptControlViewModel.cs,244,cs,string-literal,False,
锄地延时(秒)：,BetterGenshinImpact/ViewModel/Pages/ScriptControlViewModel.cs,288,cs,string-literal,False,
日志分析,BetterGenshinImpact/ViewModel/Pages/ScriptControlViewModel.cs,312,cs,string-literal,False,
日志分析,BetterGenshinImpact/ViewModel/Pages/ScriptControlViewModel.cs,325,cs,string-literal,False,
日志分析,BetterGenshinImpact/ViewModel/Pages/ScriptControlViewModel.cs,379,cs,string-literal,False,
正在准备数据...,BetterGenshinImpact/ViewModel/Pages/ScriptControlViewModel.cs,395,cs,string-literal,False,
未填写cookie，此次将不启用锄地统计！,BetterGenshinImpact/ViewModel/Pages/ScriptControlViewModel.cs,412,cs,string-literal,False,
正在从米游社获取旅行札记数据，请耐心等待！,BetterGenshinImpact/ViewModel/Pages/ScriptControlViewModel.cs,422,cs,string-literal,False,
米游社数据获取成功，开始进行解析，请耐心等待！,BetterGenshinImpact/ViewModel/Pages/ScriptControlViewModel.cs,424,cs,string-literal,False,
访问米游社接口异常，此次将锄地统计将不更新最新数据！,BetterGenshinImpact/ViewModel/Pages/ScriptControlViewModel.cs,430,cs,string-literal,False,
访问米游社接口异常，此次将不启用锄地统计！,BetterGenshinImpact/ViewModel/Pages/ScriptControlViewModel.cs,434,cs,string-literal,False,
未解析出日志记录！,BetterGenshinImpact/ViewModel/Pages/ScriptControlViewModel.cs,461,cs,string-literal,False,
生成日志分析时出错: {ex.Message},BetterGenshinImpact/ViewModel/Pages/ScriptControlViewModel.cs,480,cs,string-literal,False,
增加了{projects.Count - oldcount}个地图追踪任务,BetterGenshinImpact/ViewModel/Pages/ScriptControlViewModel.cs,549,cs,string-literal,False,
请输入配置组名称,BetterGenshinImpact/ViewModel/Pages/ScriptControlViewModel.cs,623,cs,string-literal,False,
复制配置组,BetterGenshinImpact/ViewModel/Pages/ScriptControlViewModel.cs,623,cs,string-literal,False,
配置组已存在,BetterGenshinImpact/ViewModel/Pages/ScriptControlViewModel.cs,630,cs,string-literal,False,
配置组 {str} 已经存在，复制失败,BetterGenshinImpact/ViewModel/Pages/ScriptControlViewModel.cs,631,cs,string-literal,False,
请输入配置组名称,BetterGenshinImpact/ViewModel/Pages/ScriptControlViewModel.cs,664,cs,string-literal,False,
重命名配置组,BetterGenshinImpact/ViewModel/Pages/ScriptControlViewModel.cs,664,cs,string-literal,False,
配置组已存在,BetterGenshinImpact/ViewModel/Pages/ScriptControlViewModel.cs,676,cs,string-literal,False,
配置组 {str} 已经存在，重命名失败,BetterGenshinImpact/ViewModel/Pages/ScriptControlViewModel.cs,677,cs,string-literal,False,
配置组删除成功,BetterGenshinImpact/ViewModel/Pages/ScriptControlViewModel.cs,709,cs,string-literal,False,
配置组 {item.Name} 已经被删除,BetterGenshinImpact/ViewModel/Pages/ScriptControlViewModel.cs,710,cs,string-literal,False,
删除配置组配置时失败,BetterGenshinImpact/ViewModel/Pages/ScriptControlViewModel.cs,718,cs,string-literal,False,
删除配置组配置失败,BetterGenshinImpact/ViewModel/Pages/ScriptControlViewModel.cs,720,cs,string-literal,False,
配置组 {item.Name} 删除失败！,BetterGenshinImpact/ViewModel/Pages/ScriptControlViewModel.cs,721,cs,string-literal,False,
请选择需要添加的JS脚本,BetterGenshinImpact/ViewModel/Pages/ScriptControlViewModel.cs,735,cs,string-literal,False,
输入搜索条件...,BetterGenshinImpact/ViewModel/Pages/ScriptControlViewModel.cs,749,cs,string-literal,False,
请选择需要添加的键鼠脚本,BetterGenshinImpact/ViewModel/Pages/ScriptControlViewModel.cs,854,cs,string-literal,False,
"执行 shell 操作存在极大风险！请勿输入你看不懂的指令！以免引发安全隐患并损坏系统！
执行 shell 的时候，游戏可能会失去焦点",BetterGenshinImpact/ViewModel/Pages/ScriptControlViewModel.cs,864,cs,string-literal,False,
请输入需要执行的shell,BetterGenshinImpact/ViewModel/Pages/ScriptControlViewModel.cs,864,cs,string-literal,False,
请选择需要添加的地图追踪任务,BetterGenshinImpact/ViewModel/Pages/ScriptControlViewModel.cs,884,cs,string-literal,False,
请选择需要添加的地图追踪任务,BetterGenshinImpact/ViewModel/Pages/ScriptControlViewModel.cs,885,cs,string-literal,False,
加载地图追踪任务失败: {ex.Message},BetterGenshinImpact/ViewModel/Pages/ScriptControlViewModel.cs,900,cs,string-literal,False,
加载地图追踪任务时发生错误,BetterGenshinImpact/ViewModel/Pages/ScriptControlViewModel.cs,901,cs,string-literal,False,
排除已选择过的目录,BetterGenshinImpact/ViewModel/Pages/ScriptControlViewModel.cs,920,cs,string-literal,False,
深度搜索,BetterGenshinImpact/ViewModel/Pages/ScriptControlViewModel.cs,925,cs,string-literal,False,
输入筛选条件...,BetterGenshinImpact/ViewModel/Pages/ScriptControlViewModel.cs,931,cs,string-literal,False,
地方特产,BetterGenshinImpact/ViewModel/Pages/ScriptControlViewModel.cs,1332,cs,string-literal,False,
加载单个脚本失败：{e.Message},BetterGenshinImpact/ViewModel/Pages/ScriptControlViewModel.cs,1555,cs,string-literal,False,
修改通用设置,BetterGenshinImpact/ViewModel/Pages/ScriptControlViewModel.cs,1624,cs,string-literal,False,
此脚本未提供自定义配置,BetterGenshinImpact/ViewModel/Pages/ScriptControlViewModel.cs,1661,cs,string-literal,False,
修改JS脚本自定义设置    ,BetterGenshinImpact/ViewModel/Pages/ScriptControlViewModel.cs,1667,cs,string-literal,False,
只有JS脚本才有自定义配置,BetterGenshinImpact/ViewModel/Pages/ScriptControlViewModel.cs,1684,cs,string-literal,False,
脚本配置移除成功,BetterGenshinImpact/ViewModel/Pages/ScriptControlViewModel.cs,1708,cs,string-literal,False,
已移除 {item.FolderName} 下的所有关联配置,BetterGenshinImpact/ViewModel/Pages/ScriptControlViewModel.cs,1709,cs,string-literal,False,
脚本配置移除成功,BetterGenshinImpact/ViewModel/Pages/ScriptControlViewModel.cs,1727,cs,string-literal,False,
{item.Name} 的关联配置已经移除,BetterGenshinImpact/ViewModel/Pages/ScriptControlViewModel.cs,1728,cs,string-literal,False,
打开失败,BetterGenshinImpact/ViewModel/Pages/ScriptControlViewModel.cs,1765,cs,string-literal,False,
目录不存在,BetterGenshinImpact/ViewModel/Pages/ScriptControlViewModel.cs,1765,cs,string-literal,False,
打开脚本目录失败,BetterGenshinImpact/ViewModel/Pages/ScriptControlViewModel.cs,1770,cs,string-literal,False,
打开失败,BetterGenshinImpact/ViewModel/Pages/ScriptControlViewModel.cs,1771,cs,string-literal,False,
保存配置组配置时失败,BetterGenshinImpact/ViewModel/Pages/ScriptControlViewModel.cs,1857,cs,string-literal,False,
保存配置组配置失败,BetterGenshinImpact/ViewModel/Pages/ScriptControlViewModel.cs,1859,cs,string-literal,False,
{scriptGroup.Name} 保存失败！,BetterGenshinImpact/ViewModel/Pages/ScriptControlViewModel.cs,1860,cs,string-literal,False,
读取单个配置组配置时失败,BetterGenshinImpact/ViewModel/Pages/ScriptControlViewModel.cs,1911,cs,string-literal,False,
读取配置组配置失败,BetterGenshinImpact/ViewModel/Pages/ScriptControlViewModel.cs,1913,cs,string-literal,False,
读取配置组配置失败:,BetterGenshinImpact/ViewModel/Pages/ScriptControlViewModel.cs,1914,cs,string-literal,False,
读取配置组配置时失败,BetterGenshinImpact/ViewModel/Pages/ScriptControlViewModel.cs,1931,cs,string-literal,False,
读取配置组配置失败,BetterGenshinImpact/ViewModel/Pages/ScriptControlViewModel.cs,1933,cs,string-literal,False,
读取配置组配置失败！,BetterGenshinImpact/ViewModel/Pages/ScriptControlViewModel.cs,1934,cs,string-literal,False,
配置组已存在,BetterGenshinImpact/ViewModel/Pages/ScriptControlViewModel.cs,1961,cs,string-literal,False,
配置组 {group.Name} 已经存在，请勿重复添加,BetterGenshinImpact/ViewModel/Pages/ScriptControlViewModel.cs,1962,cs,string-literal,False,
未选择配置组,BetterGenshinImpact/ViewModel/Pages/ScriptControlViewModel.cs,1979,cs,string-literal,False,
请先选择一个配置组,BetterGenshinImpact/ViewModel/Pages/ScriptControlViewModel.cs,1980,cs,string-literal,False,
配置组设置,BetterGenshinImpact/ViewModel/Pages/ScriptControlViewModel.cs,2018,cs,string-literal,False,
循环(,BetterGenshinImpact/ViewModel/Pages/ScriptControlViewModel.cs,2149,cs,string-literal,False,
选择需要继续执行的进度记录,BetterGenshinImpact/ViewModel/Pages/ScriptControlViewModel.cs,2166,cs,string-literal,False,
确认执行,BetterGenshinImpact/ViewModel/Pages/ScriptControlViewModel.cs,2176,cs,string-literal,False,
无法定位到下一个要执行的项目：next为空（,BetterGenshinImpact/ViewModel/Pages/ScriptControlViewModel.cs,2225,cs,string-literal,False,
无法定位到下一个要执行的项目:taskProgress为空,BetterGenshinImpact/ViewModel/Pages/ScriptControlViewModel.cs,2235,cs,string-literal,False,
循环,BetterGenshinImpact/ViewModel/Pages/ScriptControlViewModel.cs,2269,cs,string-literal,False,
全选,BetterGenshinImpact/ViewModel/Pages/ScriptControlViewModel.cs,2276,cs,string-literal,False,
选择需要执行的配置组,BetterGenshinImpact/ViewModel/Pages/ScriptControlViewModel.cs,2353,cs,string-literal,False,
确认执行,BetterGenshinImpact/ViewModel/Pages/ScriptControlViewModel.cs,2361,cs,string-literal,False,
未选择配置组,BetterGenshinImpact/ViewModel/Pages/ScriptControlViewModel.cs,2377,cs,string-literal,False,
请至少选择一个配置组进行执行,BetterGenshinImpact/ViewModel/Pages/ScriptControlViewModel.cs,2378,cs,string-literal,False,
传入的配置组名称不存在:{Name},BetterGenshinImpact/ViewModel/Pages/ScriptControlViewModel.cs,2410,cs,string-literal,False,
需要执行的配置组为空,BetterGenshinImpact/ViewModel/Pages/ScriptControlViewModel.cs,2420,cs,string-literal,False,
开始连续执行选中配置组:{Names},BetterGenshinImpact/ViewModel/Pages/ScriptControlViewModel.cs,2426,cs,string-literal,False,
启示之花,BetterGenshinImpact/ViewModel/Pages/TaskSettingsPageViewModel.cs,145,cs,string-literal,False,
藏金之花,BetterGenshinImpact/ViewModel/Pages/TaskSettingsPageViewModel.cs,145,cs,string-literal,False,
传说,BetterGenshinImpact/ViewModel/Pages/TaskSettingsPageViewModel.cs,149,cs,string-literal,False,
大师,BetterGenshinImpact/ViewModel/Pages/TaskSettingsPageViewModel.cs,149,cs,string-literal,False,
困难,BetterGenshinImpact/ViewModel/Pages/TaskSettingsPageViewModel.cs,149,cs,string-literal,False,
普通,BetterGenshinImpact/ViewModel/Pages/TaskSettingsPageViewModel.cs,149,cs,string-literal,False,
所有,BetterGenshinImpact/ViewModel/Pages/TaskSettingsPageViewModel.cs,149,cs,string-literal,False,
风险提示,BetterGenshinImpact/ViewModel/Pages/TaskSettingsPageViewModel.cs,266,cs,string-literal,False,
"开启“领取奖励后扫描掉落物光柱”后，角色会在领奖完成后主动移动拾取。部分地脉花点位或特定配队下，可能因为移动范围较大而卡住。

如果你愿意接受这个风险，请继续开启；否则将保持关闭。",BetterGenshinImpact/ViewModel/Pages/TaskSettingsPageViewModel.cs,267,cs,string-literal,False,
接受风险并开启,BetterGenshinImpact/ViewModel/Pages/TaskSettingsPageViewModel.cs,268,cs,string-literal,False,
不接受，保持关闭,BetterGenshinImpact/ViewModel/Pages/TaskSettingsPageViewModel.cs,269,cs,string-literal,False,
蓝花（经验书）,BetterGenshinImpact/ViewModel/Pages/TaskSettingsPageViewModel.cs,297,cs,string-literal,False,
启示之花,BetterGenshinImpact/ViewModel/Pages/TaskSettingsPageViewModel.cs,299,cs,string-literal,False,
黄花（摩拉）,BetterGenshinImpact/ViewModel/Pages/TaskSettingsPageViewModel.cs,303,cs,string-literal,False,
藏金之花,BetterGenshinImpact/ViewModel/Pages/TaskSettingsPageViewModel.cs,305,cs,string-literal,False,
未设置任务!,BetterGenshinImpact/ViewModel/Pages/TaskSettingsPageViewModel.cs,324,cs,string-literal,False,
请先选择策略,BetterGenshinImpact/ViewModel/Pages/TaskSettingsPageViewModel.cs,383,cs,string-literal,False,
策略文件不存在,BetterGenshinImpact/ViewModel/Pages/TaskSettingsPageViewModel.cs,391,cs,string-literal,False,
请先在下拉列表配置中选择战斗策略！,BetterGenshinImpact/ViewModel/Pages/TaskSettingsPageViewModel.cs,472,cs,string-literal,False,
根据队伍自动选择,BetterGenshinImpact/ViewModel/Pages/TaskSettingsPageViewModel.cs,477,cs,string-literal,False,
当前选择的自动战斗策略文件不存在,BetterGenshinImpact/ViewModel/Pages/TaskSettingsPageViewModel.cs,488,cs,string-literal,False,
圣遗物分解,BetterGenshinImpact/ViewModel/Pages/TaskSettingsPageViewModel.cs,718,cs,string-literal,False,
请选择需要复制的JS脚本,BetterGenshinImpact/ViewModel/Pages/TaskSettingsPageViewModel.cs,728,cs,string-literal,False,
预览 - {scriptProject.FolderName},BetterGenshinImpact/ViewModel/Pages/TaskSettingsPageViewModel.cs,754,cs,string-literal,False,
请在此输入兑换码，每行一条记录,BetterGenshinImpact/ViewModel/Pages/TaskSettingsPageViewModel.cs,823,cs,string-literal,False,
输入兑换码,BetterGenshinImpact/ViewModel/Pages/TaskSettingsPageViewModel.cs,826,cs,string-literal,False,
没有有效的兑换码,BetterGenshinImpact/ViewModel/Pages/TaskSettingsPageViewModel.cs,843,cs,string-literal,False,
优先选择第一个选项,BetterGenshinImpact/ViewModel/Pages/TriggerSettingsPageViewModel.cs,29,cs,string-literal,False,
随机选择选项,BetterGenshinImpact/ViewModel/Pages/TriggerSettingsPageViewModel.cs,29,cs,string-literal,False,
优先选择最后一个选项,BetterGenshinImpact/ViewModel/Pages/TriggerSettingsPageViewModel.cs,29,cs,string-literal,False,
不选择选项,BetterGenshinImpact/ViewModel/Pages/TriggerSettingsPageViewModel.cs,29,cs,string-literal,False,
60帧模式,BetterGenshinImpact/ViewModel/Pages/TriggerSettingsPageViewModel.cs,40,cs,string-literal,False,
截图器供图,BetterGenshinImpact/ViewModel/Pages/TriggerSettingsPageViewModel.cs,41,cs,string-literal,True,
每行一条记录,BetterGenshinImpact/ViewModel/Pages/TriggerSettingsPageViewModel.cs,85,cs,string-literal,False,
每行一条记录,BetterGenshinImpact/ViewModel/Pages/TriggerSettingsPageViewModel.cs,96,cs,string-literal,False,
精确匹配黑名单：,BetterGenshinImpact/ViewModel/Pages/TriggerSettingsPageViewModel.cs,104,cs,string-literal,False,
模糊匹配黑名单：,BetterGenshinImpact/ViewModel/Pages/TriggerSettingsPageViewModel.cs,111,cs,string-literal,False,
"黑名单配置
",BetterGenshinImpact/ViewModel/Pages/TriggerSettingsPageViewModel.cs,122,cs,string-literal,False,
"每行一条记录。
",BetterGenshinImpact/ViewModel/Pages/TriggerSettingsPageViewModel.cs,123,cs,string-literal,False,
"示例：
",BetterGenshinImpact/ViewModel/Pages/TriggerSettingsPageViewModel.cs,124,cs,string-literal,False,
"精致的宝箱
",BetterGenshinImpact/ViewModel/Pages/TriggerSettingsPageViewModel.cs,125,cs,string-literal,False,
"史莱姆凝液
",BetterGenshinImpact/ViewModel/Pages/TriggerSettingsPageViewModel.cs,126,cs,string-literal,False,
牢固的箭簇,BetterGenshinImpact/ViewModel/Pages/TriggerSettingsPageViewModel.cs,127,cs,string-literal,False,
黑名单配置,BetterGenshinImpact/ViewModel/Pages/TriggerSettingsPageViewModel.cs,128,cs,string-literal,False,
"请在此输入白名单配置，每行一条记录。
",BetterGenshinImpact/ViewModel/Pages/TriggerSettingsPageViewModel.cs,160,cs,string-literal,False,
"示例：
",BetterGenshinImpact/ViewModel/Pages/TriggerSettingsPageViewModel.cs,161,cs,string-literal,False,
"调查
",BetterGenshinImpact/ViewModel/Pages/TriggerSettingsPageViewModel.cs,162,cs,string-literal,False,
"合成
",BetterGenshinImpact/ViewModel/Pages/TriggerSettingsPageViewModel.cs,163,cs,string-literal,False,
"白名单配置，每行一条记录
",BetterGenshinImpact/ViewModel/Pages/TriggerSettingsPageViewModel.cs,167,cs,string-literal,False,
"示例：
",BetterGenshinImpact/ViewModel/Pages/TriggerSettingsPageViewModel.cs,168,cs,string-literal,False,
"调查
",BetterGenshinImpact/ViewModel/Pages/TriggerSettingsPageViewModel.cs,169,cs,string-literal,False,
"合成
",BetterGenshinImpact/ViewModel/Pages/TriggerSettingsPageViewModel.cs,170,cs,string-literal,False,
白名单配置,BetterGenshinImpact/ViewModel/Pages/TriggerSettingsPageViewModel.cs,172,cs,string-literal,False,
合成浓缩树脂,BetterGenshinImpact/ViewModel/Pages/OneDragon/CraftViewModel.cs,7,cs,string-literal,False,
每日委托,BetterGenshinImpact/ViewModel/Pages/OneDragon/DailyCommissionViewModel.cs,7,cs,string-literal,False,
刷秘境,BetterGenshinImpact/ViewModel/Pages/OneDragon/DomainViewModel.cs,7,cs,string-literal,False,
合成浓缩树脂,BetterGenshinImpact/ViewModel/Pages/OneDragon/ForgingViewModel.cs,7,cs,string-literal,False,
刷地脉花,BetterGenshinImpact/ViewModel/Pages/OneDragon/LeyLineBlossomViewModel.cs,7,cs,string-literal,False,
根据队伍自动选择,BetterGenshinImpact/ViewModel/Pages/View/AutoFightViewModel.cs,25,cs,string-literal,False,
根据队伍自动选择,BetterGenshinImpact/ViewModel/Pages/View/AutoFightViewModel.cs,32,cs,string-literal,False,
根据队伍自动选择,BetterGenshinImpact/ViewModel/Pages/View/AutoFightViewModel.cs,90,cs,string-literal,False,
任何路径点,BetterGenshinImpact/ViewModel/Pages/View/PathingConfigViewModel.cs,19,cs,string-literal,False,
只在传送点,BetterGenshinImpact/ViewModel/Pages/View/PathingConfigViewModel.cs,20,cs,string-literal,False,
不回复,BetterGenshinImpact/ViewModel/Pages/View/PathingConfigViewModel.cs,21,cs,string-literal,False,
队伍中角色,BetterGenshinImpact/ViewModel/Pages/View/PathingConfigViewModel.cs,44,cs,string-literal,False,
关闭功能,BetterGenshinImpact/ViewModel/Pages/View/ScriptGroupConfigViewModel.cs,33,cs,string-literal,False,
非精英允许自动拾取,BetterGenshinImpact/ViewModel/Pages/View/ScriptGroupConfigViewModel.cs,34,cs,string-literal,False,
非精英关闭自动拾取,BetterGenshinImpact/ViewModel/Pages/View/ScriptGroupConfigViewModel.cs,35,cs,string-literal,False,
配置组且物理路径相同跳过,BetterGenshinImpact/ViewModel/Pages/View/ScriptGroupConfigViewModel.cs,44,cs,string-literal,False,
物理路径相同跳过,BetterGenshinImpact/ViewModel/Pages/View/ScriptGroupConfigViewModel.cs,45,cs,string-literal,False,
同类型同名跳过,BetterGenshinImpact/ViewModel/Pages/View/ScriptGroupConfigViewModel.cs,46,cs,string-literal,False,
开始时间,BetterGenshinImpact/ViewModel/Pages/View/ScriptGroupConfigViewModel.cs,52,cs,string-literal,False,
结束时间,BetterGenshinImpact/ViewModel/Pages/View/ScriptGroupConfigViewModel.cs,53,cs,string-literal,False,
任何路径点,BetterGenshinImpact/ViewModel/Pages/View/ScriptGroupConfigViewModel.cs,59,cs,string-literal,False,
只在传送点,BetterGenshinImpact/ViewModel/Pages/View/ScriptGroupConfigViewModel.cs,60,cs,string-literal,False,
不回复,BetterGenshinImpact/ViewModel/Pages/View/ScriptGroupConfigViewModel.cs,61,cs,string-literal,False,
计算失败，请检查参数！,BetterGenshinImpact/ViewModel/Pages/View/ScriptGroupConfigViewModel.cs,89,cs,string-literal,False,
当前执行序号为：,BetterGenshinImpact/ViewModel/Pages/View/ScriptGroupConfigViewModel.cs,93,cs,string-literal,False,
暂无前瞻兑换码信息,BetterGenshinImpact/ViewModel/Windows/FeedWindowViewModel.cs,55,cs,string-literal,False,
【实时获取】前瞻直播兑换码,BetterGenshinImpact/ViewModel/Windows/FeedWindowViewModel.cs,66,cs,string-literal,False,
已实时获取前瞻兑换码,BetterGenshinImpact/ViewModel/Windows/FeedWindowViewModel.cs,86,cs,string-literal,False,
获取前瞻兑换码失败: {ex.Message},BetterGenshinImpact/ViewModel/Windows/FeedWindowViewModel.cs,90,cs,string-literal,False,
兑换码已复制到剪贴板,BetterGenshinImpact/ViewModel/Windows/FeedWindowViewModel.cs,128,cs,string-literal,False,
复制兑换码失败: {ex.Message},BetterGenshinImpact/ViewModel/Windows/FeedWindowViewModel.cs,133,cs,string-literal,False,
获取兑换码失败: {ex.Message},BetterGenshinImpact/ViewModel/Windows/FeedWindowViewModel.cs,173,cs,string-literal,False,
读取黑白名单出错：,BetterGenshinImpact/ViewModel/Windows/JsonMonoViewModel.cs,35,cs,ThemedMessageBox,False,
保存失败：,BetterGenshinImpact/ViewModel/Windows/JsonMonoViewModel.cs,48,cs,ThemedMessageBox,False,
保存成功,BetterGenshinImpact/ViewModel/Windows/JsonMonoViewModel.cs,55,cs,string-literal,False,
保存失败：,BetterGenshinImpact/ViewModel/Windows/JsonMonoViewModel.cs,59,cs,ThemedMessageBox,False,
更新地图位置,BetterGenshinImpact/ViewModel/Windows/MapViewerViewModel.cs,61,cs,string-literal,False,
更新当前追踪的路径图像,BetterGenshinImpact/ViewModel/Windows/MapViewerViewModel.cs,79,cs,string-literal,False,
暂时不支持展示路径的地图类型:,BetterGenshinImpact/ViewModel/Windows/MapViewerViewModel.cs,115,cs,string-literal,False,
_currentPathingMap 未初始化,BetterGenshinImpact/ViewModel/Windows/MapViewerViewModel.cs,146,cs,string-literal,False,
启用,BetterGenshinImpact/ViewModel/Windows/Editable/ScriptGroupProjectEditorViewModel.cs,24,cs,string-literal,False,
禁用,BetterGenshinImpact/ViewModel/Windows/Editable/ScriptGroupProjectEditorViewModel.cs,25,cs,string-literal,False,
当前脚本项目未加载,BetterGenshinImpact/ViewModel/Windows/Editable/ScriptGroupProjectEditorViewModel.cs,75,cs,string-literal,False,
当前脚本无需使用HTTP资源,BetterGenshinImpact/ViewModel/Windows/Editable/ScriptGroupProjectEditorViewModel.cs,83,cs,string-literal,False,
当前脚本使用 {urls.Length} 个HTTP资源,BetterGenshinImpact/ViewModel/Windows/Editable/ScriptGroupProjectEditorViewModel.cs,88,cs,string-literal,False,
